Name,Website,MapsURL,Emails,Site_Title,Site_Description,LinkedIn,Facebook,Twitter,Instagram
Re-Infotech - Softwares | Websites | Social Media | Digital Marketing Agency in GOA,https://re-infotech.com/,"https://www.google.com/maps/place/Re-Infotech+-+Softwares+%7C+Websites+%7C+Social+Media+%7C+Digital+Marketing+Agency+in+GOA/@15.3428384,73.9872517,11.94z/data=!4m10!1m2!2m1!1sSoftware+Companies+in+ponda+goa!3m6!1s0x3bbfb07f00000001:0xbdd45030e39fed91!8m2!3d15.3943182!4d74.0037477!15sCh9Tb2Z0d2FyZSBDb21wYW5pZXMgaW4gcG9uZGEgZ29hWiEiH3NvZnR3YXJlIGNvbXBhbmllcyBpbiBwb25kYSBnb2GSARBtYXJrZXRpbmdfYWdlbmN54AEA!16s%2Fg%2F11h8w1bgw7?entry=ttu&g_ep=EgoyMDI2MDEyMC4wIKXMDSoASAFQAw%3D%3D",info@re-infotech.com,Top Software & Web Development Company in Goa | Re-Infotech,"Re-Infotech is the best software development, website design & social media marketing company in Goa. Custom tech solutions to grow your digital presence.",https://www.linkedin.com/company/re-infotech/about/,https://www.facebook.com/reinfotech.official,https://twitter.com/re_infotech,https://www.instagram.com/re_infotech/
Cybercad Technologies Pvt Ltd,https://www.cybercadtechnologies.com/,"https://www.google.com/maps/place/Cybercad+Technologies+Pvt+Ltd/@15.3428384,73.9872517,11.94z/data=!4m10!1m2!2m1!1sSoftware+Companies+in+ponda+goa!3m6!1s0x3bbfba9140000007:0x9113e916f72d1501!8m2!3d15.4011251!4d74.0035623!15sCh9Tb2Z0d2FyZSBDb21wYW5pZXMgaW4gcG9uZGEgZ29hkgEQc29mdHdhcmVfY29tcGFueeABAA!16s%2Fg%2F11c1s2ngjl?entry=ttu&g_ep=EgoyMDI2MDEyMC4wIKXMDSoASAFQAw%3D%3D","amey@cybercadtechnologies.com, viraj@cybercadtechnologies.com, froala-editor@2.9.1, design-blocks@2.0.1",,,,,,
Spintly India Private Ltd.,https://spintly.com/time-and-attendance-management-system/?utm_source=google_my_business&utm_medium=web&utm_campaign=clicks,"https://www.google.com/maps/place/Spintly+India+Private+Ltd./@15.3428384,73.9872517,11.94z/data=!4m10!1m2!2m1!1sSoftware+Companies+in+ponda+goa!3m6!1s0x3bbfb1e6c50c34e3:0x2ec2215b9a94264b!8m2!3d15.2892441!4d73.963669!15sCh9Tb2Z0d2FyZSBDb21wYW5pZXMgaW4gcG9uZGEgZ29hWiEiH3NvZnR3YXJlIGNvbXBhbmllcyBpbiBwb25kYSBnb2GSARBzb2Z0d2FyZV9jb21wYW554AEA!16s%2Fg%2F11s892pvrm?entry=ttu&g_ep=EgoyMDI2MDEyMC4wIKXMDSoASAFQAw%3D%3D","sales@spintly.com, name@company.com, support@spintly.com",Biometric Time & Attendance Management System | Spintly,"Spintly’s cloud-based time & attendance management device simplifies employee tracking, improves accuracy & boosts productivity.",https://in.linkedin.com/company/spintly,https://www.facebook.com/spintly,https://x.com/spintly2?lang=en,https://www.instagram.com/spintly_iot/?hl=en
Automatez,https://automatez.in/,"https://www.google.com/maps/place/Automatez/@15.2892441,73.8047604,11z/data=!4m10!1m2!2m1!1sSoftware+Companies+in+ponda+goa!3m6!1s0x3bbfbb5058d86343:0xec22e51491737a34!8m2!3d15.3995148!4d74.0180348!15sCh9Tb2Z0d2FyZSBDb21wYW5pZXMgaW4gcG9uZGEgZ29hWiEiH3NvZnR3YXJlIGNvbXBhbmllcyBpbiBwb25kYSBnb2GSAR1jb21wdXRlcl9zdXBwb3J0X2FuZF9zZXJ2aWNlc5oBJENoZERTVWhOTUc5blMwVkpRMEZuU1VSWGJtUk1PRFZCUlJBQuABAPoBBAgmEEI!16s%2Fg%2F11kn2r93yg?entry=ttu&g_ep=EgoyMDI2MDEyMC4wIKXMDSoASAFQAw%3D%3D","hello@automatez.in, info@testcompany.com",AutomateZ,"Driving Your Business Growth through Automated Conversation over the Best Marketing Channels. We're here to help you connect with people in a more meaningful way, using smart solutions that turn everyday conversations into valuable connections.",https://www.linkedin.com/company/abnjunction/,https://www.facebook.com/automatez,,https://www.instagram.com/abnjunction/
Genora Infotech Pvt Ltd,http://www.genorainfotech.com/,"https://www.google.com/maps/place/Genora+Infotech+Pvt+Ltd/@15.2892441,73.8047604,11z/data=!4m10!1m2!2m1!1sSoftware+Companies+in+ponda+goa!3m6!1s0x3bbfb7501ae8d825:0x837d00f36b1caa33!8m2!3d15.2920161!4d73.9690413!15sCh9Tb2Z0d2FyZSBDb21wYW5pZXMgaW4gcG9uZGEgZ29hkgEQc29mdHdhcmVfY29tcGFueeABAA!16s%2Fg%2F11g8vvw2tq?entry=ttu&g_ep=EgoyMDI2MDEyMC4wIKXMDSoASAFQAw%3D%3D","Shriya.desai@genora.co.uk, startup@genora.co.uk, sweetalert2@10.15.5","Mobile App Developers Goa, India | Mobile App Development Companies in Goa, India","Genora Infotech is one of the top-rated mobile app development companies based in Goa, India. Reach us to access the top rated mobile app developers.",,,,
Coderix,https://coderix.io/,"https://www.google.com/maps/place/Coderix/@15.2892441,73.8047604,11z/data=!4m10!1m2!2m1!1sSoftware+Companies+in+ponda+goa!3m6!1s0x3bbfbbfae77f6b77:0xe01fb38128b90524!8m2!3d15.402608!4d74.0097369!15sCh9Tb2Z0d2FyZSBDb21wYW5pZXMgaW4gcG9uZGEgZ29hWiEiH3NvZnR3YXJlIGNvbXBhbmllcyBpbiBwb25kYSBnb2GSARBzb2Z0d2FyZV9jb21wYW554AEA!16s%2Fg%2F11hdtc5xdp?entry=ttu&g_ep=EgoyMDI2MDEyMC4wIKXMDSoASAFQAw%3D%3D",care@coderix.io,Coderix - The Leading Digital Marketing Company In Goa,"Coderix is Premier Digital Marketing Agency in Goa, India. 12+ Years of Experience. Top-rated services include Digital Marketing, Software Development & Website Designing. 540+ Happy Clients. Connect for tailored solutions!",https://www.linkedin.com/company/coderixio,https://www.facebook.com/coderixio/,https://twitter.com/coderixio,https://instagram.com/coderixio
Naiker Infotech - Inspiring Technology,https://www.naikerinfotech.com/,"https://www.google.com/maps/place/Naiker+Infotech+-+Inspiring+Technology/@15.2892441,73.8047604,11z/data=!4m10!1m2!2m1!1sSoftware+Companies+in+ponda+goa!3m6!1s0x3bbfb1ec069c4005:0x5b95fd17cc84f06d!8m2!3d15.33687!4d73.9813877!15sCh9Tb2Z0d2FyZSBDb21wYW5pZXMgaW4gcG9uZGEgZ29hWiEiH3NvZnR3YXJlIGNvbXBhbmllcyBpbiBwb25kYSBnb2GSAR1jb21wdXRlcl9zdXBwb3J0X2FuZF9zZXJ2aWNlc-ABAA!16s%2Fg%2F11np33m_js?entry=ttu&g_ep=EgoyMDI2MDEyMC4wIKXMDSoASAFQAw%3D%3D","info@naikerinfotech.com, videojs-quality-selector-hls@1.1.1, easytimer@1.1.3, aos@2.3.1",Naiker Infotech,,,,,
Teknorix Technologies Pvt. Ltd.,https://www.teknorix.com/,"https://www.google.com/maps/place/Teknorix+Technologies+Pvt.+Ltd./@15.2892441,73.8047604,11z/data=!4m10!1m2!2m1!1sSoftware+Companies+in+ponda+goa!3m6!1s0x3bbfb0ba9d1b8159:0x486ebe003041e39b!8m2!3d15.3639328!4d73.94795!15sCh9Tb2Z0d2FyZSBDb21wYW5pZXMgaW4gcG9uZGEgZ29hWiEiH3NvZnR3YXJlIGNvbXBhbmllcyBpbiBwb25kYSBnb2GSARBzb2Z0d2FyZV9jb21wYW55mgEjQ2haRFNVaE5NRzluUzBWSlEwRm5TVU15T1hScVNVaEJFQUXgAQD6AQQIABAN!16s%2Fg%2F1q62fhl9d?entry=ttu&g_ep=EgoyMDI2MDEyMC4wIKXMDSoASAFQAw%3D%3D",madhuri.warkhandkar@teknorix.com,Teknorix is now Onstro - Teknorix,,https://www.linkedin.com/company/onstro/,,,
INFOGRO SYSTEMS | Best computer shop in Ponda Goa | Best CCTV shop in Ponda Goa,,"https://www.google.com/maps/place/INFOGRO+SYSTEMS+%7C+Best+computer+shop+in+Ponda+Goa+%7C+Best+CCTV+shop+in+Ponda+Goa/@15.2892441,73.8047604,11z/data=!4m10!1m2!2m1!1sSoftware+Companies+in+ponda+goa!3m6!1s0x3bbfbabb9f52de13:0xed557fc776a2228d!8m2!3d15.3993067!4d74.0048367!15sCh9Tb2Z0d2FyZSBDb21wYW5pZXMgaW4gcG9uZGEgZ29hWiEiH3NvZnR3YXJlIGNvbXBhbmllcyBpbiBwb25kYSBnb2GSARBjb21wdXRlcl9zZXJ2aWNlmgEjQ2haRFNVaE5NRzluUzBWSlEwRm5TVVJrTm5RemVFNVJFQUXgAQD6AQUI2wEQSg!16s%2Fg%2F11clsx3jln?entry=ttu&g_ep=EgoyMDI2MDEyMC4wIKXMDSoASAFQAw%3D%3D",,,,,,,
CodeMax IT Solutions Pvt Ltd,http://cdmx.in/,"https://www.google.com/maps/place/CodeMax+IT+Solutions+Pvt+Ltd/@15.2892441,73.8047604,11z/data=!4m10!1m2!2m1!1sSoftware+Companies+in+ponda+goa!3m6!1s0x3bbfb3e6340178f3:0x1eecda05164dc62a!8m2!3d15.2967123!4d73.9692945!15sCh9Tb2Z0d2FyZSBDb21wYW5pZXMgaW4gcG9uZGEgZ29hWiEiH3NvZnR3YXJlIGNvbXBhbmllcyBpbiBwb25kYSBnb2GSARBzb2Z0d2FyZV9jb21wYW55mgEjQ2haRFNVaE5NRzluUzBWSlEwRm5TVU5JZUhWWVZWbDNFQUXgAQD6AQQIXhAu!16s%2Fg%2F11cjhr4s0x?entry=ttu&g_ep=EgoyMDI2MDEyMC4wIKXMDSoASAFQAw%3D%3D",,Checking your browser...,,,,,
Developers Cove,http://dcove.co.in/,"https://www.google.com/maps/place/Developers+Cove/@15.2892441,73.8047604,11z/data=!4m10!1m2!2m1!1sSoftware+Companies+in+ponda+goa!3m6!1s0x3bbfbab874055555:0xf54b42e8d6dd36ab!8m2!3d15.4047765!4d74.0165047!15sCh9Tb2Z0d2FyZSBDb21wYW5pZXMgaW4gcG9uZGEgZ29hkgEQc29mdHdhcmVfY29tcGFueeABAA!16s%2Fg%2F11c2ps05nk?entry=ttu&g_ep=EgoyMDI2MDEyMC4wIKXMDSoASAFQAw%3D%3D","info@dcove.co.in, care@dcove.co.in",Developer's Cove,"developers cove is a software developing company, Combining proven expertise in technology, and an understanding of emerging business trends",https://www.linkedin.com/in/developerscove/,https://www.facebook.com/developerscove,,
Unwraptech,https://www.unwraptech.com/,"https://www.google.com/maps/place/Unwraptech/@15.2892441,73.8047604,11z/data=!4m10!1m2!2m1!1sSoftware+Companies+in+ponda+goa!3m6!1s0x3bbfbb75b48825f7:0xb9cc855bedc6a206!8m2!3d15.4067817!4d74.0067941!15sCh9Tb2Z0d2FyZSBDb21wYW5pZXMgaW4gcG9uZGEgZ29hWiEiH3NvZnR3YXJlIGNvbXBhbmllcyBpbiBwb25kYSBnb2GSARB3ZWJzaXRlX2Rlc2lnbmVymgFEQ2k5RFFVbFJRVU52WkVOb2RIbGpSamx2VDJ0ak1XSnNWWFJoUjJSNVpIcGtVVlZZYkdoamFsbzBZVVUxVVZwV1JSQULgAQD6AQQIABA2!16s%2Fg%2F11kd42qtjv?entry=ttu&g_ep=EgoyMDI2MDEyMC4wIKXMDSoASAFQAw%3D%3D","example@webdisenor.com, webdisenor@yourmail.com, mail@unwraptech.com",UNWRAPTECH | Develop & Dominate,"Unwrap you digital dominance and grow your business, Unlock the true potential of your digital presence with our top-notch services and Develop & Dominate your business",,,,https://www.instagram.com/unwraptech._/
Creative Capsule,http://www.creativecapsule.com/,"https://www.google.com/maps/place/Creative+Capsule/@15.2892441,73.8047604,11z/data=!4m10!1m2!2m1!1sSoftware+Companies+in+ponda+goa!3m6!1s0x3bbfb0b29be686d9:0xee6da2f7b4a74353!8m2!3d15.3680003!4d73.9374809!15sCh9Tb2Z0d2FyZSBDb21wYW5pZXMgaW4gcG9uZGEgZ29hWiEiH3NvZnR3YXJlIGNvbXBhbmllcyBpbiBwb25kYSBnb2GSARBzb2Z0d2FyZV9jb21wYW55mgEjQ2haRFNVaE5NRzluUzBWSlEwRm5TVU5xZVU1UGMxVlJFQUXgAQD6AQQIABAW!16s%2Fg%2F11b6dgfxrm?entry=ttu&g_ep=EgoyMDI2MDEyMC4wIKXMDSoASAFQAw%3D%3D",gsap@3.9.1,Software Consulting and Development - Creative Capsule,Creative Capsule is a software consulting firm established in the United States in 2003 with subsidiaries in Switzerland and India.,https://www.linkedin.com/company/creativecapsule,https://en-gb.facebook.com/CreativeCapsuleLLC,https://twitter.com/cci_connect,https://instagram.com/creativecapsule
Mrinq Technologies,http://spintly.com/,"https://www.google.com/maps/place/Mrinq+Technologies/@15.2892441,73.8047604,11z/data=!4m10!1m2!2m1!1sSoftware+Companies+in+ponda+goa!3m6!1s0x3bbfb16400000001:0x9b94617d403851f8!8m2!3d15.290377!4d73.9644805!15sCh9Tb2Z0d2FyZSBDb21wYW5pZXMgaW4gcG9uZGEgZ29hkgEQc29mdHdhcmVfY29tcGFueeABAA!16s%2Fg%2F11g01wll62?entry=ttu&g_ep=EgoyMDI2MDEyMC4wIKXMDSoASAFQAw%3D%3D","sales@spintly.com, name@company.com, support@spintly.com",Cloud-Based Access Control System | Attendance | Biometric,"Spintly offers smart, wireless access control & attendance systems for modern buildings. Enjoy seamless, keyless entry with smart security.",https://in.linkedin.com/company/spintly,https://www.facebook.com/spintly,https://x.com/spintly2?lang=en,https://www.instagram.com/spintly_iot/?hl=en
CodeRelix - Tech & Software Consultancy,https://coderelix.com/,"https://www.google.com/maps/place/CodeRelix+-+Tech+%26+Software+Consultancy/@15.2892441,73.8047604,11z/data=!4m10!1m2!2m1!1sSoftware+Companies+in+ponda+goa!3m6!1s0x3bbfb16400000001:0xa39566db3cae8e48!8m2!3d15.2885341!4d73.9533317!15sCh9Tb2Z0d2FyZSBDb21wYW5pZXMgaW4gcG9uZGEgZ29hWiEiH3NvZnR3YXJlIGNvbXBhbmllcyBpbiBwb25kYSBnb2GSARBzb2Z0d2FyZV9jb21wYW554AEA!16s%2Fg%2F11jvd95rth?entry=ttu&g_ep=EgoyMDI2MDEyMC4wIKXMDSoASAFQAw%3D%3D",hi@coderelix.com,IT Consultancy & Services | Custom Software Development - CodeRelix,"Tailored solutions to streamline processes, expert guidance to navigate the digital landscape, and innovative products to boost productivity.",https://www.linkedin.com/company/code-relix/,https://www.facebook.com/coderelix/,https://coderelix.com/contact-us/,https://www.instagram.com/coderelix/
Third Eye Technologies,https://www.thirdeyegoa.com/,"https://www.google.com/maps/place/Third+Eye+Technologies/@15.2892441,73.8047604,11z/data=!4m10!1m2!2m1!1sSoftware+Companies+in+ponda+goa!3m6!1s0x3bbfba98170737ab:0xd4199d146ceb384a!8m2!3d15.4026089!4d74.0096543!15sCh9Tb2Z0d2FyZSBDb21wYW5pZXMgaW4gcG9uZGEgZ29hWiEiH3NvZnR3YXJlIGNvbXBhbmllcyBpbiBwb25kYSBnb2GSARB3ZWJzaXRlX2Rlc2lnbmVymgFEQ2k5RFFVbFJRVU52WkVOb2RIbGpSamx2VDJ4R1MxWkhORFZPTW5CRVl6SkdhbFpHV2toVWJFcHFXRE52TVZSc1JSQULgAQD6AQQIABA_!16s%2Fg%2F11b6j8zz9w?entry=ttu&g_ep=EgoyMDI2MDEyMC4wIKXMDSoASAFQAw%3D%3D","john@example.com, info@thirdeyegoa.com","Third Eye Technologies | AI-Powered Digital Solutions | Goa, India","Third Eye Technologies - A decade of AI-powered digital excellence. We design, build, and scale intelligent websites, web applications, and digital products. Based in Goa, India.",,https://facebook.com/ThirdEyeGoa,,
Virtualwebs Servers Pvt. Ltd,http://virtualwebs.co/,"https://www.google.com/maps/place/Virtualwebs+Servers+Pvt.+Ltd/@15.2892441,73.8047604,11z/data=!3m1!5s0x3bbfb17ae28e3e3d:0x30ad1cc27b3d94b9!4m10!1m2!2m1!1sSoftware+Companies+in+ponda+goa!3m6!1s0x3bbfb3e9086ef8f9:0x485d6e124c4e6b00!8m2!3d15.2964625!4d73.9735728!15sCh9Tb2Z0d2FyZSBDb21wYW5pZXMgaW4gcG9uZGEgZ29hWiEiH3NvZnR3YXJlIGNvbXBhbmllcyBpbiBwb25kYSBnb2GSARBzb2Z0d2FyZV9jb21wYW554AEA!16s%2Fg%2F1v3lnd6z?entry=ttu&g_ep=EgoyMDI2MDEyMC4wIKXMDSoASAFQAw%3D%3D","marketing@virtualwebs.co, support@virtualwebs.co",Digital Marketing | Project Tracker | E-sign Services in Goa | Digital Marketing,,https://www.linkedin.com/company/virtualwebs/,https://www.facebook.com/Virtualwebs/,https://twitter.com/Virtualwebs2,https://www.instagram.com/virtualwebtechnologiesgoa/
SJ Innovation Private Limited,https://sjinnovation.com/,"https://www.google.com/maps/place/SJ+Innovation+Private+Limited/@15.2892441,73.8047604,11z/data=!4m10!1m2!2m1!1sSoftware+Companies+in+ponda+goa!3m6!1s0x3bbfb1341c935973:0x8ac1ddbc35c78f8b!8m2!3d15.3660149!4d73.9370678!15sCh9Tb2Z0d2FyZSBDb21wYW5pZXMgaW4gcG9uZGEgZ29hWiEiH3NvZnR3YXJlIGNvbXBhbmllcyBpbiBwb25kYSBnb2GSARBzb2Z0d2FyZV9jb21wYW55mgEjQ2haRFNVaE5NRzluUzBWSlEwRm5TVVJsY0dJeVJrWm5FQUXgAQD6AQUIpgEQKw!16s%2Fg%2F11gwmh5c2z?entry=ttu&g_ep=EgoyMDI2MDEyMC4wIKXMDSoASAFQAw%3D%3D",,Web Development Company in New York | SJ Innovation LLC,"Founded in 2004, SJ Innovation is a growing NY-based web development company with offices in New York, Ukraine, India, Sylhet, and Dhaka having 160+ members.",https://www.linkedin.com/company/sj-innovation,https://www.facebook.com/sjinnovation?fref=ts,https://www.twitter.com/sjinnovation,https://www.instagram.com/sjinnovation_llc/
Aaradhya IT Solution,,"https://www.google.com/maps/place/Aaradhya+IT+Solution/@15.2892441,73.8047604,11z/data=!4m10!1m2!2m1!1sSoftware+Companies+in+ponda+goa!3m6!1s0x3bbfb30da9653d65:0x6d33aa67f8a85991!8m2!3d15.2974818!4d73.9728845!15sCh9Tb2Z0d2FyZSBDb21wYW5pZXMgaW4gcG9uZGEgZ29hWiEiH3NvZnR3YXJlIGNvbXBhbmllcyBpbiBwb25kYSBnb2GSAR1jb21wdXRlcl9zdXBwb3J0X2FuZF9zZXJ2aWNlc-ABAA!16s%2Fg%2F11h2qtjwjg?entry=ttu&g_ep=EgoyMDI2MDEyMC4wIKXMDSoASAFQAw%3D%3D",,,,,,,
Delta Technologies,http://deltagoa.com/,"https://www.google.com/maps/place/Delta+Technologies/@15.2892441,73.8047604,11z/data=!3m1!5s0x3bbfba946cb1241b:0x95ba708e1bfd5607!4m10!1m2!2m1!1sSoftware+Companies+in+ponda+goa!3m6!1s0x3bbfbab93667b5d1:0x296e060337cca76a!8m2!3d15.3974129!4d74.0032601!15sCh9Tb2Z0d2FyZSBDb21wYW5pZXMgaW4gcG9uZGEgZ29hkgEOY29tcHV0ZXJfc3RvcmXgAQA!16s%2Fg%2F1tdqm2sf?entry=ttu&g_ep=EgoyMDI2MDEyMC4wIKXMDSoASAFQAw%3D%3D","vinayak@deltagoa.com, info@anybiz.com",Delta Technologies Goa_Home,"DELTA TECHNOLOGIES , ISO 9001 CERTIFIED COMPANY , ESTD. IN 1996 , IS A LEADING ICT product vendor in Goa and is known for its support services. With a installation base of more than 10000 computer and laptops , 4000 ups systems, 700 projectors, and having major companies of Goa as its customer Delta is marching ahead to become ONE OF THE TOP FIVE IT VENDORS IN GOA",,,,
OPTEL India - Goa,https://www.optelgroup.com/en/,"https://www.google.com/maps/place/OPTEL+India+-+Goa/@15.2892441,73.8047604,11z/data=!4m10!1m2!2m1!1sSoftware+Companies+in+ponda+goa!3m6!1s0x3bbfb0bc4767ec63:0x829f7966cca9c1a3!8m2!3d15.3623291!4d73.9555574!15sCh9Tb2Z0d2FyZSBDb21wYW5pZXMgaW4gcG9uZGEgZ29hWiEiH3NvZnR3YXJlIGNvbXBhbmllcyBpbiBwb25kYSBnb2GSARBzb2Z0d2FyZV9jb21wYW55mgEkQ2hkRFNVaE5NRzluUzBWSlEwRm5TVVJsTjA5eGJIRjNSUkFC4AEA-gEECAAQFw!16s%2Fg%2F11df1trmsh?entry=ttu&g_ep=EgoyMDI2MDEyMC4wIKXMDSoASAFQAw%3D%3D",,OPTEL | Leading Provider of Track and Trace Solutions for Supply Chain Optimization,"We are leading global provider of traceability, track-and-trace and vision systems for a growing number of industries, including pharmaceutical, medical devices, food and beverage, agrochemicals, metals and minerals.",https://ca.linkedin.com/company/optel-group,,,
Kaavay - IT Consultancy & Services,https://kaavay.com/,"https://www.google.com/maps/place/Kaavay+-+IT+Consultancy+%26+Services/@15.2892441,73.8047604,11z/data=!4m10!1m2!2m1!1sSoftware+Companies+in+ponda+goa!3m6!1s0x3bbfb7342eb80e6b:0xf9e016845495642e!8m2!3d15.2917639!4d73.9690708!15sCh9Tb2Z0d2FyZSBDb21wYW5pZXMgaW4gcG9uZGEgZ29hWiEiH3NvZnR3YXJlIGNvbXBhbmllcyBpbiBwb25kYSBnb2GSARBzb2Z0d2FyZV9jb21wYW554AEA!16s%2Fg%2F11g6bg27r0?entry=ttu&g_ep=EgoyMDI2MDEyMC4wIKXMDSoASAFQAw%3D%3D",contactus@kaavay.com,KAAVAY | Social Media Marketing in Goa | Web Development in Goa | SEO in Goa | Application Software Development Goa | Mobile Developer Goa | Kaavay - Attitude Web,"IT company in Goa specialized in unique Digital Marketing, Social Media Marketing, SEO, Responsive Web App Development and Custom Mobile App Development.",https://www.linkedin.com/in/kaavay-attitude-web-b9a50153,https://www.facebook.com/Kaavay/,https://twitter.com/kaavay,
Mt Halley,,"https://www.google.com/maps/place/Mt+Halley/@15.2892441,73.8047604,11z/data=!4m10!1m2!2m1!1sSoftware+Companies+in+ponda+goa!3m6!1s0x3bbfbb2220610f63:0x7f97f5a822d3957d!8m2!3d15.4228323!4d73.9826724!15sCh9Tb2Z0d2FyZSBDb21wYW5pZXMgaW4gcG9uZGEgZ29hkgEQc29mdHdhcmVfY29tcGFueeABAA!16s%2Fg%2F11m5vb77k3?entry=ttu&g_ep=EgoyMDI2MDEyMC4wIKXMDSoASAFQAw%3D%3D",,,,,,,
WebFills,https://www.webfills.co.in/,"https://www.google.com/maps/place/WebFills/@15.2892441,73.8047604,11z/data=!4m10!1m2!2m1!1sSoftware+Companies+in+ponda+goa!3m6!1s0x3bbfb1c153c43531:0xf77675adcc59ad1b!8m2!3d15.2919376!4d73.9691373!15sCh9Tb2Z0d2FyZSBDb21wYW5pZXMgaW4gcG9uZGEgZ29hWiEiH3NvZnR3YXJlIGNvbXBhbmllcyBpbiBwb25kYSBnb2GSARBzb2Z0d2FyZV9jb21wYW55mgEkQ2hkRFNVaE5NRzluUzBWSlEwRm5TVVJPTUZwdU5tdEJSUkFC4AEA-gEECAAQPQ!16s%2Fg%2F11qrm_n3f3?entry=ttu&g_ep=EgoyMDI2MDEyMC4wIKXMDSoASAFQAw%3D%3D",info@webfills.co.in,WebFills- Software Company | Digital Marketing | Mobile App Development,"WebFills is a Software Company in Goa, which provides IT services like Mobile App Development, Digital Marketing and much more.",https://in.linkedin.com/company/webfills,https://www.facebook.com/WebFills-Software-Development-1171516999600021/,,https://www.instagram.com/webfills_india/
SparkPlus Technologies,https://sparkplustech.com/,"https://www.google.com/maps/place/SparkPlus+Technologies/@15.2892441,73.8047604,11z/data=!4m10!1m2!2m1!1sSoftware+Companies+in+ponda+goa!3m6!1s0x3bbfb16400000001:0xe1160e8077d693ca!8m2!3d15.2934647!4d73.9653715!15sCh9Tb2Z0d2FyZSBDb21wYW5pZXMgaW4gcG9uZGEgZ29hWiEiH3NvZnR3YXJlIGNvbXBhbmllcyBpbiBwb25kYSBnb2GSARBzb2Z0d2FyZV9jb21wYW554AEA!16s%2Fg%2F11khjxmlpf?entry=ttu&g_ep=EgoyMDI2MDEyMC4wIKXMDSoASAFQAw%3D%3D",hello@sparkplustech.com,SPARK+ | Blockchain Development | Product Research & Innovation,"Rapid Blockchain Development For Startups & Enterprises Through Prebuilt Market Ready Solutions Decentralized Finance, Asset Management & NFTs, Web 3.0 Social Media, Decentralized Identity, Decentralized Document Management, Decentralized Voting & DAO, Crypto Wallets & Payments, Decentralized Lotteries & Gaming, Travel & Tourism, Workforce Development SPARK+ Tech, a leading product innovation & consultancy firm specialized in",https://www.linkedin.com/company/sparkplustech,https://www.facebook.com/sparkplustech/,https://twitter.com/sparkplustech,
Kamsoft Technologies,http://www.kamsoft.co.in/,"https://www.google.com/maps/place/Kamsoft+Technologies/@15.2892441,73.8047604,11z/data=!4m10!1m2!2m1!1sSoftware+Companies+in+ponda+goa!3m6!1s0x3bbfc7e5cb1b9227:0xe3661f84899f92f9!8m2!3d15.3962137!4d73.81909!15sCh9Tb2Z0d2FyZSBDb21wYW5pZXMgaW4gcG9uZGEgZ29hWiEiH3NvZnR3YXJlIGNvbXBhbmllcyBpbiBwb25kYSBnb2GSARBzb2Z0d2FyZV9jb21wYW554AEA!16s%2Fg%2F11jpmh4rfj?entry=ttu&g_ep=EgoyMDI2MDEyMC4wIKXMDSoASAFQAw%3D%3D",mail@kamsoft.co.in,Kamsoft Technologies | Software Solutions & IT Services | Kamsoft Technologies,"Kamsoft Technologies delivers ERP implementation, custom APIs, RFID, IoT systems, and web/mobile apps tailored to meet your business needs.",,,,
Taj Web Solutions,http://tajwebsolutions.com/,"https://www.google.com/maps/place/Taj+Web+Solutions/@15.2892441,73.8047604,11z/data=!4m10!1m2!2m1!1sSoftware+Companies+in+ponda+goa!3m6!1s0x3bbfbb63e85c4dbf:0xc72381db6d977260!8m2!3d15.4061653!4d74.0161771!15sCh9Tb2Z0d2FyZSBDb21wYW5pZXMgaW4gcG9uZGEgZ29hWiEiH3NvZnR3YXJlIGNvbXBhbmllcyBpbiBwb25kYSBnb2GSARB3ZWJzaXRlX2Rlc2lnbmVymgFEQ2k5RFFVbFJRVU52WkVOb2RIbGpSamx2VDJwYWJtUkhUbUZYVmtKS1RtdzROR1F4V1RGWmJVNVlUbXR6TUZKdFl4QULgAQD6AQQIABBA!16s%2Fg%2F11mt3d4lq6?entry=ttu&g_ep=EgoyMDI2MDEyMC4wIKXMDSoASAFQAw%3D%3D","ayazkatagi143143@gmail.com, Info@yourdomain.com, hello@phlox.pro, info@samplemail.com",tajwebsolutions.com,"Get Started Follow US: Apparently we had reache the sky Years of Experience in Building top Brands Play Video Get awesome solutions UI/UX Design Team of Multidisciplinary Experts Follow US: Need a Detailed Proposal? Call or Meet Us to Discuss Your Project Follow US: Some of the main services Lorem ipsum dolor sit amet, consectetur […]",,,,
Online Productivity Solutions Pvt. Ltd.,https://www.opspl.com/,"https://www.google.com/maps/place/Online+Productivity+Solutions+Pvt.+Ltd./@15.2892441,73.8047604,11z/data=!4m10!1m2!2m1!1sSoftware+Companies+in+ponda+goa!3m6!1s0x3bbfb7498ba53259:0x57b9308f2ff74c24!8m2!3d15.3544087!4d73.9307763!15sCh9Tb2Z0d2FyZSBDb21wYW5pZXMgaW4gcG9uZGEgZ29hWiEiH3NvZnR3YXJlIGNvbXBhbmllcyBpbiBwb25kYSBnb2GSARBzb2Z0d2FyZV9jb21wYW55mgEkQ2hkRFNVaE5NRzluUzBWSlEwRm5TVU4zYUhWVVpEZFJSUkFC4AEA-gEECAAQGA!16s%2Fg%2F1vlj__yd?entry=ttu&g_ep=EgoyMDI2MDEyMC4wIKXMDSoASAFQAw%3D%3D",info@opspl.com,Software Development in Goa | Web Design & Digital Marketing | IT Outsourcing in Goa | Online--Goa,"We are an IT company based in Goa that offers custom software development, mobile app development, cloud systems development, and web design & digital marketing services to clients in Goa and across the globe. Outsource your IT needs to us.",https://www.linkedin.com/company/online-productivity-solutions-pvt.-ltd./,http://facebook.com/OPSPLGoa/,https://twitter.com/opspl,
Madhill technologies,,"https://www.google.com/maps/place/Madhill+technologies/@15.2892441,73.8047604,11z/data=!4m10!1m2!2m1!1sSoftware+Companies+in+ponda+goa!3m6!1s0x3bbfb1b00e1e6e6d:0x5af94c2fd5ec97d0!8m2!3d15.3229707!4d73.9829324!15sCh9Tb2Z0d2FyZSBDb21wYW5pZXMgaW4gcG9uZGEgZ29hkgEQc29mdHdhcmVfY29tcGFueeABAA!16s%2Fg%2F11ylr80_7d?entry=ttu&g_ep=EgoyMDI2MDEyMC4wIKXMDSoASAFQAw%3D%3D",,,,,,,
Progen ERP Systems Pvt. Ltd.,https://www.progenerp.com/,"https://www.google.com/maps/place/Progen+ERP+Systems+Pvt.+Ltd./@15.2892441,73.8047604,11z/data=!4m10!1m2!2m1!1sSoftware+Companies+in+ponda+goa!3m6!1s0x3bbfba9687e30ea1:0xc8349284cd9b30f1!8m2!3d15.3978196!4d74.0036625!15sCh9Tb2Z0d2FyZSBDb21wYW5pZXMgaW4gcG9uZGEgZ29hWiEiH3NvZnR3YXJlIGNvbXBhbmllcyBpbiBwb25kYSBnb2GSARBjb3Jwb3JhdGVfb2ZmaWNlmgEjQ2haRFNVaE5NRzluUzBWSlEwRm5UVU5uYlc5RE1GTm5FQUXgAQD6AQUIsQEQQA!16s%2Fg%2F11dyzg1pc4?entry=ttu&g_ep=EgoyMDI2MDEyMC4wIKXMDSoASAFQAw%3D%3D",,Progen – Progen ERP,,,http://www.facebook.com/,http://www.twitter.com/,
Onstro,https://www.onstro.com/,"https://www.google.com/maps/place/Onstro/@15.2892441,73.8047604,11z/data=!4m10!1m2!2m1!1sSoftware+Companies+in+ponda+goa!3m6!1s0x3bbfb1506d4ddae7:0xed11d6185147ad1!8m2!3d15.3639195!4d73.947761!15sCh9Tb2Z0d2FyZSBDb21wYW5pZXMgaW4gcG9uZGEgZ29hWiEiH3NvZnR3YXJlIGNvbXBhbmllcyBpbiBwb25kYSBnb2GSARBzb2Z0d2FyZV9jb21wYW55mgFEQ2k5RFFVbFJRVU52WkVOb2RIbGpSamx2VDJ0WmVtVnFiRTlaZWtKVVZucFNTVmRYU1RCVFJuQnpWRlUxTTFwdVl4QULgAQD6AQQIABAM!16s%2Fg%2F11w1d8v9dr?entry=ttu&g_ep=EgoyMDI2MDEyMC4wIKXMDSoASAFQAw%3D%3D",,"Onstro — SaaS Products, Software Solutions & Digital Innovation","Onstro is a global technology company building SaaS products, software solutions, and digital innovation for modern businesses.",https://www.linkedin.com/company/onstro/,,,
UMANG GROUP,http://www.umanggroup.com/,"https://www.google.com/maps/place/UMANG+GROUP/@15.2892441,73.8047604,11z/data=!4m10!1m2!2m1!1sSoftware+Companies+in+ponda+goa!3m6!1s0x3bbfb3e9bb79b475:0x68aa24b0acfe8233!8m2!3d15.282146!4d73.980753!15sCh9Tb2Z0d2FyZSBDb21wYW5pZXMgaW4gcG9uZGEgZ29hkgEPYnVzaW5lc3NfY2VudGVy4AEA!16s%2Fg%2F1tjhw2_y?entry=ttu&g_ep=EgoyMDI2MDEyMC4wIKXMDSoASAFQAw%3D%3D",info@umanggroup.com,Umang Group - Umang Group,,https://www.linkedin.com/company/umanggrp/,https://www.facebook.com/umanggrp,https://www.twitter.com/UmangGrp,https://www.instagram.com/umanggrp/
Imagine Works,,"https://www.google.com/maps/place/Imagine+Works/@15.2892441,73.8047604,11z/data=!4m10!1m2!2m1!1sSoftware+Companies+in+ponda+goa!3m6!1s0x3bbfb3e8fd69a52f:0x423c7066cd133205!8m2!3d15.291673!4d73.985728!15sCh9Tb2Z0d2FyZSBDb21wYW5pZXMgaW4gcG9uZGEgZ29hWiEiH3NvZnR3YXJlIGNvbXBhbmllcyBpbiBwb25kYSBnb2GSARBzb2Z0d2FyZV9jb21wYW55mgEjQ2haRFNVaE5NRzluUzBWSlEwRm5TVU0zTUhKbE5GZFJFQUXgAQD6AQQIABAr!16s%2Fg%2F1hm4j_bnj?entry=ttu&g_ep=EgoyMDI2MDEyMC4wIKXMDSoASAFQAw%3D%3D",,,,,,,
Goa Technology Association,https://goatechassociation.com/,"https://www.google.com/maps/place/Goa+Technology+Association/@15.2892441,73.8047604,11z/data=!4m10!1m2!2m1!1sSoftware+Companies+in+ponda+goa!3m6!1s0x3bbfba942629cfbf:0xc45e0d3e206252dc!8m2!3d15.398638!4d74.0028331!15sCh9Tb2Z0d2FyZSBDb21wYW5pZXMgaW4gcG9uZGEgZ29hkgEQY29ycG9yYXRlX29mZmljZeABAA!16s%2Fg%2F11gd66y8mz?entry=ttu&g_ep=EgoyMDI2MDEyMC4wIKXMDSoASAFQAw%3D%3D",info@goatechassociation.com,Goa Technology Association | IT BUSINESS ECO SYSTEM | GTA,BRIDGE is a retina multi-purpose WordPress theme built on very powerful and flexible framework by QODE.,https://in.linkedin.com/company/goa-technology-association,https://www.facebook.com/goatechnologyassociation/,https://twitter.com/gta_techgoa?lang=en,https://www.instagram.com/goatechassociation/
Open Space Technologies,https://www.openspacetechnologies.com/,"https://www.google.com/maps/place/Open+Space+Technologies/@15.2892441,73.8047604,11z/data=!4m10!1m2!2m1!1sSoftware+Companies+in+ponda+goa!3m6!1s0x3bbfb3000bd7bddd:0x323da9d10007153!8m2!3d15.2931637!4d73.9754255!15sCh9Tb2Z0d2FyZSBDb21wYW5pZXMgaW4gcG9uZGEgZ29hWiEiH3NvZnR3YXJlIGNvbXBhbmllcyBpbiBwb25kYSBnb2GSARBzb2Z0d2FyZV9jb21wYW55mgEkQ2hkRFNVaE5NRzluUzBWSlEwRm5UVU5SZWs5cVduSm5SUkFC4AEA-gEECAAQIQ!16s%2Fg%2F11wv442506?entry=ttu&g_ep=EgoyMDI2MDEyMC4wIKXMDSoASAFQAw%3D%3D",support@openspacetechnologies.com,Open Space Technologies | Innovative Solutions for Modern Software | Open Space Technologies,"Discover Open Space Technologies, where innovative software and technology solutions transform modern workspaces. From cutting-edge office automation to collaborative tools, we empower productivity and create inspiring environments tailored to your business needs.",https://www.linkedin.com/company/open-space-technologies/,https://www.facebook.com/people/Open-Space-Technologies/61568170216389/,https://twitter.com/Open_SpaceTech,https://www.instagram.com/openspacetech/
Mindcraft Technologies,http://mindcrafttechnologies.in/,"https://www.google.com/maps/place/Mindcraft+Technologies/@15.2892441,73.8047604,11z/data=!4m10!1m2!2m1!1sSoftware+Companies+in+ponda+goa!3m6!1s0x3bbfbbb26309c32b:0xfb71d15199078e12!8m2!3d15.4059672!4d74.0055146!15sCh9Tb2Z0d2FyZSBDb21wYW5pZXMgaW4gcG9uZGEgZ29hkgEQd2Vic2l0ZV9kZXNpZ25lcuABAA!16s%2Fg%2F11lnssg7t8?entry=ttu&g_ep=EgoyMDI2MDEyMC4wIKXMDSoASAFQAw%3D%3D",mindcrafttechgoa@gmail.com,Home - Mindcraft Technologies,"Mindcraft Technologies was established by Shivresh Naik in 2015 in Ponda, Goa. It has grown into a trusted provider of advanced tech solutions. With years of",,https://www.facebook.com/profile.php?id=61554824081963,,https://www.instagram.com/mindcraft.technologies/
NineStack - A Kilowott Company,http://ninestack.com/,"https://www.google.com/maps/place/NineStack+-+A+Kilowott+Company/@15.2892441,73.8047604,11z/data=!4m10!1m2!2m1!1sSoftware+Companies+in+ponda+goa!3m6!1s0x3bbfc01701e1fc69:0x5e0e4140df5ef68c!8m2!3d15.5231048!4d73.8239497!15sCh9Tb2Z0d2FyZSBDb21wYW5pZXMgaW4gcG9uZGEgZ29hWiEiH3NvZnR3YXJlIGNvbXBhbmllcyBpbiBwb25kYSBnb2GSARBzb2Z0d2FyZV9jb21wYW554AEA!16s%2Fg%2F11cs1kg07r?entry=ttu&g_ep=EgoyMDI2MDEyMC4wIKXMDSoASAFQAw%3D%3D",,Top Mobile App Development Company in India,Get innovative startup solutions with the best mobile app developers in India. Leading app development company delivering custom solutions for your business growth.,https://www.linkedin.com/company/nine-stack?originalSubdomain=in,https://www.facebook.com/ninestack/,,https://www.instagram.com/ninestack/
Jobsoid,https://www.jobsoid.com/,"https://www.google.com/maps/place/Jobsoid/@15.2892441,73.8047604,11z/data=!4m10!1m2!2m1!1sSoftware+Companies+in+ponda+goa!3m6!1s0x3bbfb0afaaaaaaab:0x48ef1e42ec98bd77!8m2!3d15.3639291!4d73.9477202!15sCh9Tb2Z0d2FyZSBDb21wYW5pZXMgaW4gcG9uZGEgZ29hkgEQc29mdHdhcmVfY29tcGFueeABAA!16s%2Fg%2F11cs9m9hyl?entry=ttu&g_ep=EgoyMDI2MDEyMC4wIKXMDSoASAFQAw%3D%3D",John@website.com,Jobsoid — Applicant Tracking & Recruitment Software,"Source, engage, and hire top talent faster. Streamline recruitment, manage candidates, and make smarter hiring decisions with Jobsoid.",,,,
"iTechnologix India, Trusted Website Development Company in Goa",https://itechnologix.net/,"https://www.google.com/maps/place/iTechnologix+India,+Trusted+Website+Development+Company+in+Goa/@15.2892441,73.8047604,11z/data=!4m10!1m2!2m1!1sSoftware+Companies+in+ponda+goa!3m6!1s0x3bbfc10265ad06eb:0xd97fb72893a84442!8m2!3d15.4837061!4d73.822362!15sCh9Tb2Z0d2FyZSBDb21wYW5pZXMgaW4gcG9uZGEgZ29hWiEiH3NvZnR3YXJlIGNvbXBhbmllcyBpbiBwb25kYSBnb2GSARB3ZWJzaXRlX2Rlc2lnbmVymgEkQ2hkRFNVaE5NRzluUzBWSlEwRm5TVU5xYlc5MVVIZEJSUkFC4AEA-gEECCQQMA!16s%2Fg%2F11t9s9svnk?entry=ttu&g_ep=EgoyMDI2MDEyMC4wIKXMDSoASAFQAw%3D%3D",,,,,,,
Moonbyte Studio & Stationary,https://moonbyteproduction.myportfolio.com/,"https://www.google.com/maps/place/Moonbyte+Studio+%26+Stationary/@15.2892441,73.8047604,11z/data=!4m10!1m2!2m1!1sSoftware+Companies+in+ponda+goa!3m6!1s0x3bbfb1be777017cf:0xe290a7ab83d159ac!8m2!3d15.3270064!4d73.9896128!15sCh9Tb2Z0d2FyZSBDb21wYW5pZXMgaW4gcG9uZGEgZ29hWiEiH3NvZnR3YXJlIGNvbXBhbmllcyBpbiBwb25kYSBnb2GSAQVzdG9yZeABAA!16s%2Fg%2F11lk42b95h?entry=ttu&g_ep=EgoyMDI2MDEyMC4wIKXMDSoASAFQAw%3D%3D",moonbyte.production@gmail.com,Moonbyte Studio,"One-stop creative powerhouse—graphic designer, photographer, videographer, and editor with 13+ years of experience. Whether it's setting the perfect color mood or crafting stunning visuals, I’ve got you covered. Running my own studio, I specialize in video editing, color correction, and grading to bring your vision to life.",,https://www.facebook.com/profile.php?id=100083189056228,https://twitter.com/MoonbytePlus,https://www.instagram.com/moonbyte.studio/
MSSIOT Solutions Pvt Ltd,https://mssiot.in/,"https://www.google.com/maps/place/MSSIOT+Solutions+Pvt+Ltd/@15.2892441,73.8047604,11z/data=!4m10!1m2!2m1!1sSoftware+Companies+in+ponda+goa!3m6!1s0x3bbfb18da9bda795:0xf59109b0caee41d2!8m2!3d15.2897946!4d73.9548643!15sCh9Tb2Z0d2FyZSBDb21wYW5pZXMgaW4gcG9uZGEgZ29hkgEQc29mdHdhcmVfY29tcGFueeABAA!16s%2Fg%2F11vwdls01m?entry=ttu&g_ep=EgoyMDI2MDEyMC4wIKXMDSoASAFQAw%3D%3D",info@mssiot.in,MSSIOT Solutions Pvt. Ltd.,"MSSIOT Solutions Pvt. Ltd. is Goa’s leading IT and IoT company specializing in GPS tracking for vehicles, barges, boats, and personal/commercial use. We also provide custom software development, web development, web design, hosting, and complete IT solutions. Reliable, innovative, and trusted by businesses across Goa.",,,,
Codanto - Software Company In Goa,https://codanto.com/,"https://www.google.com/maps/place/Codanto+-+Software+Company+In+Goa/@15.2892441,73.8047604,11z/data=!4m10!1m2!2m1!1sSoftware+Companies+in+ponda+goa!3m6!1s0x3bbfc09aa049b003:0x35c2a2ec5d40f69b!8m2!3d15.4899004!4d73.832561!15sCh9Tb2Z0d2FyZSBDb21wYW5pZXMgaW4gcG9uZGEgZ29hWiEiH3NvZnR3YXJlIGNvbXBhbmllcyBpbiBwb25kYSBnb2GSARBzb2Z0d2FyZV9jb21wYW554AEA!16s%2Fg%2F11rql6q136?entry=ttu&g_ep=EgoyMDI2MDEyMC4wIKXMDSoASAFQAw%3D%3D","info@codanto.com, bootstrap@5.2.1",Software Company in Goa | Custom Software | Billing Software,"Codanto is an IT Software Development Company in Goa, India which focuses on providing complex business solutions with our cutting edge technology expertise.",https://www.linkedin.com/company/codanto/,https://www.facebook.com/codantosoftware,https://twitter.com/codantosoftware,https://www.instagram.com/codantosoftware/
Goan Panda,https://www.goanpanda.com/,"https://www.google.com/maps/place/Goan+Panda/@15.2892441,73.8047604,11z/data=!4m10!1m2!2m1!1sSoftware+Companies+in+ponda+goa!3m6!1s0x69798ade87ac36f:0xf045a08fb06a06f8!8m2!3d15.3497285!4d74.0064128!15sCh9Tb2Z0d2FyZSBDb21wYW5pZXMgaW4gcG9uZGEgZ29hWiEiH3NvZnR3YXJlIGNvbXBhbmllcyBpbiBwb25kYSBnb2GSARBzb2Z0d2FyZV9jb21wYW55mgFEQ2k5RFFVbFJRVU52WkVOb2RIbGpSamx2VDJzNE1WSldXbWhqUlhoT1dUSm9XRkpHY0hWUk1sSldWbFJKTTFOdFl4QULgAQD6AQQIABAb!16s%2Fg%2F11xp34_yn2?entry=ttu&g_ep=EgoyMDI2MDEyMC4wIKXMDSoASAFQAw%3D%3D",support@goanpanda.com,GoanPanda.com - Find Verified Local Services in Goa,"GoanPanda.com - Discover and connect with verified local service providers in Goa. From home repairs to event planning, find trusted partners for all your needs.",https://www.linkedin.com/company/goanpanda/,,,
IMMO Information Technology Pvt. Ltd.,http://immoinfotech.com/,"https://www.google.com/maps/place/IMMO+Information+Technology+Pvt.+Ltd./@15.2892441,73.8047604,11z/data=!4m10!1m2!2m1!1sSoftware+Companies+in+ponda+goa!3m6!1s0x3bbfbf6507a913cb:0x989b6458920bf2bf!8m2!3d15.4925732!4d73.8513593!15sCh9Tb2Z0d2FyZSBDb21wYW5pZXMgaW4gcG9uZGEgZ29hkgEQc29mdHdhcmVfY29tcGFueeABAA!16s%2Fg%2F11b7c6fvz4?entry=ttu&g_ep=EgoyMDI2MDEyMC4wIKXMDSoASAFQAw%3D%3D",,IMMO Infotech Goa| Best IT Company in Goa | Web Development Goa | Mobile App Development Goa,"IMMO Infotech has an highly talented and motivated workforce of IT professionals with an experience of more than 14+ years in Windows Applications, Web Development, Statistical Modeling,  iOS and Android Mobile Apps supported by strong team of Testers and System Administrators. Integrated many Tools like Google Maps APIs in the applications for better data presentation.",,,,
CAD CAM Centre,https://www.cadcamcentregoa.com/,"https://www.google.com/maps/place/CAD+CAM+Centre/@15.2892441,73.8047604,11z/data=!4m10!1m2!2m1!1sSoftware+Companies+in+ponda+goa!3m6!1s0x3bbfb15f2933222b:0xea550b52e4476acd!8m2!3d15.2892406!4d73.9538134!15sCh9Tb2Z0d2FyZSBDb21wYW5pZXMgaW4gcG9uZGEgZ29hWiEiH3NvZnR3YXJlIGNvbXBhbmllcyBpbiBwb25kYSBnb2GSAQ90cmFpbmluZ19jZW50ZXLgAQA!16s%2Fg%2F11cn94nt_j?entry=ttu&g_ep=EgoyMDI2MDEyMC4wIKXMDSoASAFQAw%3D%3D",cadcamcentregoa@gmail.com,CAD CAM CENTRE GOA,"Website of CAD CAM Center in Goa, India",,http://facebook.com/,http://twitter.com/,http://instagram.com/
eDOT-Solutions,https://www.edot-solutions.com/,"https://www.google.com/maps/place/eDOT-Solutions/@15.2892441,73.8047604,11z/data=!4m10!1m2!2m1!1sSoftware+Companies+in+ponda+goa!3m6!1s0x3bbfc7bd3b52686d:0xc5f1c2467e24e09b!8m2!3d15.4004222!4d73.815833!15sCh9Tb2Z0d2FyZSBDb21wYW5pZXMgaW4gcG9uZGEgZ29hWiEiH3NvZnR3YXJlIGNvbXBhbmllcyBpbiBwb25kYSBnb2GSARBzb2Z0d2FyZV9jb21wYW55mgEkQ2hkRFNVaE5NRzluUzBWSlEwRm5TVVJ2TFhSbGQzcEJSUkFC4AEA-gEECAAQPw!16s%2Fg%2F1hdzbx_1t?entry=ttu&g_ep=EgoyMDI2MDEyMC4wIKXMDSoASAFQAw%3D%3D",contact@edot-solutions.com,e-DOT Solutions,,https://www.linkedin.com/company/edot-solutions/,https://www.facebook.com/realedotsolutions/,,https://www.instagram.com/edot_solutions/
Team Inertia Technologies,https://www.teaminertia.com/,"https://www.google.com/maps/place/Team+Inertia+Technologies/@15.2892441,73.8047604,11z/data=!4m10!1m2!2m1!1sSoftware+Companies+in+ponda+goa!3m6!1s0x3bbfc08c07dbc5ef:0x19d3523fcc69d7dc!8m2!3d15.4986951!4d73.8237298!15sCh9Tb2Z0d2FyZSBDb21wYW5pZXMgaW4gcG9uZGEgZ29hWiEiH3NvZnR3YXJlIGNvbXBhbmllcyBpbiBwb25kYSBnb2GSARBzb2Z0d2FyZV9jb21wYW554AEA!16s%2Fg%2F11bvcvb88z?entry=ttu&g_ep=EgoyMDI2MDEyMC4wIKXMDSoASAFQAw%3D%3D","info@website.com, contactus@teaminertia.com","Web Design, Development & Digital Marketing Agency in Goa","Team Inertia Technologies is a Goa-based agency specializing in creative web design, custom web development, and result-driven digital solutions for businesses.",https://in.linkedin.com/company/team-inertia-technologies,https://www.facebook.com/TeamInertiaTechnologies/,,https://www.instagram.com/teaminertiatechnologies/?hl=en
Kodehunt,https://www.kodehunt.com/,"https://www.google.com/maps/place/Kodehunt/@21.0680074,82.4476588,11z/data=!4m10!1m2!2m1!1sSoftware+Companies+in+ponda+goa!3m6!1s0x8ea95272753366a1:0x31f0eacf050ed6ec!8m2!3d21.0680074!4d82.7525294!15sCh9Tb2Z0d2FyZSBDb21wYW5pZXMgaW4gcG9uZGEgZ29hWiEiH3NvZnR3YXJlIGNvbXBhbmllcyBpbiBwb25kYSBnb2GSARB3ZWJzaXRlX2Rlc2lnbmVy4AEA!16s%2Fg%2F11w3pg1_fq?entry=ttu&g_ep=EgoyMDI2MDEyMC4wIKXMDSoASAFQAw%3D%3D","your@email.com, business@kodehunt.com",Kodehunt,Kodehunt: Empowering ideas through Code,,,,
vprime services,https://www.vprimeservices.in/,"https://www.google.com/maps/place/vprime+services/@15.2811237,73.664206,11z/data=!4m10!1m2!2m1!1sSoftware+Companies+in+ponda+goa!3m6!1s0x423d68b9065d1731:0x5c2d4ac6ee3ad406!8m2!3d15.2811237!4d73.9690766!15sCh9Tb2Z0d2FyZSBDb21wYW5pZXMgaW4gcG9uZGEgZ29hWiEiH3NvZnR3YXJlIGNvbXBhbmllcyBpbiBwb25kYSBnb2GSAR1jb21wdXRlcl9zdXBwb3J0X2FuZF9zZXJ2aWNlc5oBRENpOURRVWxSUVVOdlpFTm9kSGxqUmpsdlQydGFjMW95ZEVkUmJYaGhaREZXZGxZemNHWlhSMWt4V1RGWmVWRXlZeEFC4AEA-gEECAAQLw!16s%2Fg%2F11xnvj50hq?entry=ttu&g_ep=EgoyMDI2MDEyMC4wIKXMDSoASAFQAw%3D%3D",info@vprimeservices.com,VPrime Services - Coming Soon,,,,,
CogniCue Analytics Pvt. Ltd.,,"https://www.google.com/maps/place/CogniCue+Analytics+Pvt.+Ltd./@21.0680074,82.4476588,11z/data=!4m10!1m2!2m1!1sSoftware+Companies+in+ponda+goa!3m6!1s0xa9cdb9d2ca13139b:0x8f5618af72ebbeb1!8m2!3d21.0680074!4d82.7525294!15sCh9Tb2Z0d2FyZSBDb21wYW5pZXMgaW4gcG9uZGEgZ29hWiEiH3NvZnR3YXJlIGNvbXBhbmllcyBpbiBwb25kYSBnb2GSARBzb2Z0d2FyZV9jb21wYW55mgEkQ2hkRFNVaE5NRzluUzBWSlEwRm5TVVJQZFRjeVdEZEJSUkFC4AEA-gEECAAQMw!16s%2Fg%2F11t0ssyvfw?entry=ttu&g_ep=EgoyMDI2MDEyMC4wIKXMDSoASAFQAw%3D%3D",,,,,,,
Gaonkar Website,https://gaonkarwebsite.com/,"https://www.google.com/maps/place/Gaonkar+Website/@15.3276474,73.7189128,11z/data=!4m10!1m2!2m1!1sSoftware+Companies+in+ponda+goa!3m6!1s0x3bbfb1daadfd0345:0x52ca8f9e6840df99!8m2!3d15.3276474!4d74.0237834!15sCh9Tb2Z0d2FyZSBDb21wYW5pZXMgaW4gcG9uZGEgZ29hWiEiH3NvZnR3YXJlIGNvbXBhbmllcyBpbiBwb25kYSBnb2GSARB3ZWJzaXRlX2Rlc2lnbmVy4AEA!16s%2Fg%2F12vrx5n91?entry=ttu&g_ep=EgoyMDI2MDEyMC4wIKXMDSoASAFQAw%3D%3D","jgaonkar@gmail.com, support@gaonkarwebsite.com, sales@gaonkarwebsite.com, info@gaonkarwebsite.com",Website Designer in Goa: The Classic Websites for Business,"Elevate your business with the leading website designer in Goa for 2026. Expert web development services in Panjim, Ponda, and beyond. Get a modern, high-performing site today.",https://www.linkedin.com/company/g-web-solutions/,,,
Webware,https://webware.ai/,"https://www.google.com/maps/place/Webware/@15.3276474,73.7189128,11z/data=!4m10!1m2!2m1!1sSoftware+Companies+in+ponda+goa!3m6!1s0x3bbfc088e1e9243b:0x54f4c65895440334!8m2!3d15.4986517!4d73.8764051!15sCh9Tb2Z0d2FyZSBDb21wYW5pZXMgaW4gcG9uZGEgZ29hWiEiH3NvZnR3YXJlIGNvbXBhbmllcyBpbiBwb25kYSBnb2GSARBzb2Z0d2FyZV9jb21wYW55mgEjQ2haRFNVaE5NRzluUzBWSlEwRm5TVVJhY2sxUVRXSm5FQUXgAQD6AQQIABAT!16s%2Fg%2F11bxdtnszz?entry=ttu&g_ep=EgoyMDI2MDEyMC4wIKXMDSoASAFQAw%3D%3D",support@webware.io,Webware AI,"Automate your marketing with Webware.ai’s digital marketing platform. Save time, money, and grow with AI-driven solutions trusted by 3,500+ businesses.",https://www.linkedin.com/company/webware/,https://www.facebook.com/webwaredotai,https://twitter.com/webwareai,https://www.instagram.com/webware.ai/
LetsApp,https://www.letsappit.com/,"https://www.google.com/maps/place/LetsApp/@15.3276474,73.7189128,11z/data=!4m10!1m2!2m1!1sSoftware+Companies+in+ponda+goa!3m6!1s0x3bbfc14edafb8d19:0x91e2e6b62487626f!8m2!3d15.5618273!4d74.0204877!15sCh9Tb2Z0d2FyZSBDb21wYW5pZXMgaW4gcG9uZGEgZ29hWiEiH3NvZnR3YXJlIGNvbXBhbmllcyBpbiBwb25kYSBnb2GSARBzb2Z0d2FyZV9jb21wYW554AEA!16s%2Fg%2F11h32y9b7c?entry=ttu&g_ep=EgoyMDI2MDEyMC4wIKXMDSoASAFQAw%3D%3D","letsapp9@gmail.com, contact@letsappit.com",LetsApp - Goa based Mobile Application Development and Training in Android/iOS,LetsApp is a global company specializing in mobile application development and mobile app development training based out in Goa. Provides services like website designing and digital marketing for all small to big companies.,,https://www.facebook.com/letsappit,https://twitter.com/letsappit_,https://www.instagram.com/letsappit/
Technotree Software Hub,https://sites.google.com/view/technotreesh,"https://www.google.com/maps/place/Technotree+Software+Hub/@15.3276474,73.7189128,11z/data=!4m10!1m2!2m1!1sSoftware+Companies+in+ponda+goa!3m6!1s0x3bbfbb01c7a94d8f:0x3d52a4bb4d2101d1!8m2!3d15.3964496!4d74.003769!15sCh9Tb2Z0d2FyZSBDb21wYW5pZXMgaW4gcG9uZGEgZ29hkgEQc29mdHdhcmVfY29tcGFueeABAA!16s%2Fg%2F11rwwt8kbz?entry=ttu&g_ep=EgoyMDI2MDEyMC4wIKXMDSoASAFQAw%3D%3D",,,,,,,
reysoftech,,"https://www.google.com/maps/place/reysoftech/@15.3276474,73.7189128,11z/data=!4m10!1m2!2m1!1sSoftware+Companies+in+ponda+goa!3m6!1s0x3bbfbaea7827e44d:0x21143c482a248806!8m2!3d15.4079756!4d74.0063901!15sCh9Tb2Z0d2FyZSBDb21wYW5pZXMgaW4gcG9uZGEgZ29hkgEQc29mdHdhcmVfY29tcGFueeABAA!16s%2Fg%2F11gh2vvz_k?entry=ttu&g_ep=EgoyMDI2MDEyMC4wIKXMDSoASAFQAw%3D%3D",,,,,,,
Qubiseed Technologies,http://qubiseed.com/,"https://www.google.com/maps/place/Qubiseed+Technologies/@15.3276474,73.7189128,11z/data=!4m10!1m2!2m1!1sSoftware+Companies+in+ponda+goa!3m6!1s0x3bbfba9140000001:0xeb78d795e2e1c06c!8m2!3d15.3967445!4d73.9991892!15sCh9Tb2Z0d2FyZSBDb21wYW5pZXMgaW4gcG9uZGEgZ29hkgEQc29mdHdhcmVfY29tcGFueeABAA!16s%2Fg%2F11j006znrv?entry=ttu&g_ep=EgoyMDI2MDEyMC4wIKXMDSoASAFQAw%3D%3D",connect@qubiseed.com,Qubiseed Technologies | Home,Mobland - Mobile App Landing Page Template,,https://www.facebook.com/cyanodoc,https://www.twitter.com/cyanodoc,https://www.instagram.com/cyanodoc
Inovweb Solutions Pvt Ltd,http://inovwebsolutions.com/,"https://www.google.com/maps/place/Inovweb+Solutions+Pvt+Ltd/@15.3276474,73.7189128,11z/data=!4m10!1m2!2m1!1sSoftware+Companies+in+ponda+goa!3m6!1s0x3bbfba95ab311413:0x47c78481598d4280!8m2!3d15.4010891!4d74.0036007!15sCh9Tb2Z0d2FyZSBDb21wYW5pZXMgaW4gcG9uZGEgZ29hkgEQc29mdHdhcmVfY29tcGFueeABAA!16s%2Fg%2F11y7dqkbpr?entry=ttu&g_ep=EgoyMDI2MDEyMC4wIKXMDSoASAFQAw%3D%3D",,,,,,,
Cinelyf,,"https://www.google.com/maps/place/Cinelyf/@15.3276474,73.7189128,11z/data=!4m10!1m2!2m1!1sSoftware+Companies+in+ponda+goa!3m6!1s0x3bbfba8fffffffff:0x70728b8c64aa1f4d!8m2!3d15.3921558!4d73.9947563!15sCh9Tb2Z0d2FyZSBDb21wYW5pZXMgaW4gcG9uZGEgZ29hkgEQc29mdHdhcmVfY29tcGFueeABAA!16s%2Fg%2F11y73n80m1?entry=ttu&g_ep=EgoyMDI2MDEyMC4wIKXMDSoASAFQAw%3D%3D",,,,,,,
Geekeno,https://geekeno.com/,"https://www.google.com/maps/place/Geekeno/@15.3276474,73.7189128,11z/data=!4m10!1m2!2m1!1sSoftware+Companies+in+ponda+goa!3m6!1s0x3bbfc7acae0d23e9:0x95bddaccec570e65!8m2!3d15.3892162!4d73.8181762!15sCh9Tb2Z0d2FyZSBDb21wYW5pZXMgaW4gcG9uZGEgZ29hWiEiH3NvZnR3YXJlIGNvbXBhbmllcyBpbiBwb25kYSBnb2GSARBtYXJrZXRpbmdfYWdlbmN5mgEjQ2haRFNVaE5NRzluUzBWSlEwRm5TVVJxTjNCVWRXUkJFQUXgAQD6AQQIABAk!16s%2Fg%2F11fwxsj909?entry=ttu&g_ep=EgoyMDI2MDEyMC4wIKXMDSoASAFQAw%3D%3D",info@geekeno.com,Geekeno,,https://www.linkedin.com/company/geekeno/posts/?feedView=all,https://www.facebook.com/geekeno,,https://www.instagram.com/geek.eno/
Infipre IT Services (OPC) Pvt. Ltd.,http://infi-pre.com/,"https://www.google.com/maps/place/Infipre+IT+Services+(OPC)+Pvt.+Ltd./@15.3276474,73.7189128,11z/data=!3m1!5s0x3bbfbd58d6b1ae91:0xdba715917abe9d72!4m10!1m2!2m1!1sSoftware+Companies+in+ponda+goa!3m6!1s0x3bbfbd5f34715c83:0xaf0ba8f3aaf49181!8m2!3d15.561503!4d74.0128023!15sCh9Tb2Z0d2FyZSBDb21wYW5pZXMgaW4gcG9uZGEgZ29hWiEiH3NvZnR3YXJlIGNvbXBhbmllcyBpbiBwb25kYSBnb2GSARBzb2Z0d2FyZV9jb21wYW554AEA!16s%2Fg%2F11c80j82gj?entry=ttu&g_ep=EgoyMDI2MDEyMC4wIKXMDSoASAFQAw%3D%3D","inquiry@infi-pre.com, careers@infi-pre.com",Infipre IT Services Pvt Ltd | Software & IT Solutions Company,"Leading IT solutions provider delivering custom software, mobile & web development, QA & testing, cybersecurity, cloud services, and digital marketing to drive business success.",https://www.linkedin.com/company/infipre/,https://www.facebook.com/infipre,,https://www.instagram.com/infipreitservicesopcpvt
Remote Software Solutions Pvt Ltd,http://www.remotesoftwaresolutions.com/,"https://www.google.com/maps/place/Remote+Software+Solutions+Pvt+Ltd/@15.3276474,73.7189128,11z/data=!4m10!1m2!2m1!1sSoftware+Companies+in+ponda+goa!3m6!1s0x3bbfc07756d75987:0x9092abe5d7e24a59!8m2!3d15.5235693!4d73.8277093!15sCh9Tb2Z0d2FyZSBDb21wYW5pZXMgaW4gcG9uZGEgZ29hWiEiH3NvZnR3YXJlIGNvbXBhbmllcyBpbiBwb25kYSBnb2GSARBzb2Z0d2FyZV9jb21wYW554AEA!16s%2Fg%2F1tdq909f?entry=ttu&g_ep=EgoyMDI2MDEyMC4wIKXMDSoASAFQAw%3D%3D",hrgoa@flrs.co.uk,Remote Insourcing |Software development company UK |IT Companies UK,A leading software development company in the UK and Goa India - Providing best offshore software development services for legal firms in the UK,https://in.linkedin.com/company/remote-software-solutions,https://www.facebook.com/pages/category/Information-Technology-Company/Remote-Software-Solutions-Pvt-Ltd-1473866709519061/,https://twitter.com/rssplltd,https://www.instagram.com/remotesoftwaresolutions_/
Charbug,https://www.charbug.in/,"https://www.google.com/maps/place/Charbug/@21.0680074,82.4476588,11z/data=!4m10!1m2!2m1!1sSoftware+Companies+in+ponda+goa!3m6!1s0x3bbfc78a6edf23cd:0xb903a38a80d69c8a!8m2!3d21.0680074!4d82.7525294!15sCh9Tb2Z0d2FyZSBDb21wYW5pZXMgaW4gcG9uZGEgZ29hkgEQc29mdHdhcmVfY29tcGFueeABAA!16s%2Fg%2F11n0lvt0nn?entry=ttu&g_ep=EgoyMDI2MDEyMC4wIKXMDSoASAFQAw%3D%3D",,,,,,,
Technuva™ | Web & App Development Goa,https://www.technuva.dev/,"https://www.google.com/maps/place/Technuva%E2%84%A2+%7C+Web+%26+App+Development+Goa/@15.4125733,73.7801872,11z/data=!4m10!1m2!2m1!1sSoftware+Companies+in+ponda+goa!3m6!1s0x29fba171ed2b465:0x7ba40a7e8baa63a9!8m2!3d15.4125733!4d74.0850578!15sCh9Tb2Z0d2FyZSBDb21wYW5pZXMgaW4gcG9uZGEgZ29hWiEiH3NvZnR3YXJlIGNvbXBhbmllcyBpbiBwb25kYSBnb2GSARB3ZWJzaXRlX2Rlc2lnbmVy4AEA!16s%2Fg%2F11xd1xm_85?entry=ttu&g_ep=EgoyMDI2MDEyMC4wIKXMDSoASAFQAw%3D%3D",info@technuva.dev,Technuva — Full Stack Development Company,,,,,
Putzmeister India Private limited,http://www.aquariusengineers.biz/,"https://www.google.com/maps/place/Putzmeister+India+Private+limited/@15.4125733,73.7801872,11z/data=!4m10!1m2!2m1!1sSoftware+Companies+in+ponda+goa!3m6!1s0x3bbfbbebf03b866d:0xd1ecb96f14c74b3!8m2!3d15.466201!4d73.971868!15sCh9Tb2Z0d2FyZSBDb21wYW5pZXMgaW4gcG9uZGEgZ29hWiEiH3NvZnR3YXJlIGNvbXBhbmllcyBpbiBwb25kYSBnb2GSARZlbmdpbmVlcmluZ19jb25zdWx0YW50mgEjQ2haRFNVaE5NRzluUzBWSlEwRm5TVU5YZERkbU9FMW5FQUXgAQD6AQQIABAM!16s%2Fg%2F1tgnvn_b?entry=ttu&g_ep=EgoyMDI2MDEyMC4wIKXMDSoASAFQAw%3D%3D","enquiries@aquariusengineers.biz, john@doe.com",Concrete Production and Placement Equipment Manufacturer and Supplier | Aquarius Engineers Pvt Ltd,"Aquarius Engineers Pvt Ltd is a leading manufacturer and supplier of concrete production and placement equipment since 1997. We take pride in producing Stationary Concrete Pumps, Concrete Batching Plants, Truck Mounted Boom Pumps, and Accessories that meet international quality standards.",https://www.linkedin.com/company/aquarius-engineers-official,https://www.facebook.com/aquariusengineers,https://twitter.com/aquariusengg,https://www.instagram.com/aquariusengineers/
Techtickleinnovations,,"https://www.google.com/maps/place/Techtickleinnovations/@15.4125733,73.7801872,11z/data=!4m10!1m2!2m1!1sSoftware+Companies+in+ponda+goa!3m6!1s0x3bbfbd137ccfdcef:0x8f94b00adb1fc9a3!8m2!3d15.5057892!4d73.9688977!15sCh9Tb2Z0d2FyZSBDb21wYW5pZXMgaW4gcG9uZGEgZ29hkgEQc29mdHdhcmVfY29tcGFueeABAA!16s%2Fg%2F11yn_vp5jy?entry=ttu&g_ep=EgoyMDI2MDEyMC4wIKXMDSoASAFQAw%3D%3D",,,,,,,
COMPDHENU Software Solutions LLP,https://compdhenu.com/,"https://www.google.com/maps/place/COMPDHENU+Software+Solutions+LLP/@15.4125733,73.7801872,11z/data=!4m10!1m2!2m1!1sSoftware+Companies+in+ponda+goa!3m6!1s0x3bbfa2b9807b16b3:0xff6e80f7e054c19f!8m2!3d15.549253!4d74.044547!15sCh9Tb2Z0d2FyZSBDb21wYW5pZXMgaW4gcG9uZGEgZ29hkgEQc29mdHdhcmVfY29tcGFueeABAA!16s%2Fg%2F11hbfkv6d2?entry=ttu&g_ep=EgoyMDI2MDEyMC4wIKXMDSoASAFQAw%3D%3D",info@compdhenu.com,"COMPDHENU Software Solutions: Outsourced Product Development, Customized Business Application Services, Hosted and Enterprise Applications",,,http://facebook.com/compdhenu,http://twitter.com/compdhenu,
Demerg Systems India,https://demergsystems.com/,"https://www.google.com/maps/place/Demerg+Systems+India/@15.4125733,73.7801872,11z/data=!4m10!1m2!2m1!1sSoftware+Companies+in+ponda+goa!3m6!1s0x3bbfc1df3200e745:0xee7f2cbfe8f06f97!8m2!3d15.4967813!4d73.8339421!15sCh9Tb2Z0d2FyZSBDb21wYW5pZXMgaW4gcG9uZGEgZ29hkgEQc29mdHdhcmVfY29tcGFueeABAA!16s%2Fg%2F11hfwtw8fn?entry=ttu&g_ep=EgoyMDI2MDEyMC4wIKXMDSoASAFQAw%3D%3D",info@demergsystems.com,"Demerg Systems - A Custom Software Solution Company,Web Designing, Goa India",adding value..,http://www.linkedin.com/company/demerg-systems,https://www.facebook.com/DemergSystem,https://twitter.com/DemergIndia,
RK Enterprises|Interior Designer & Decorator,http://rkenterprisesgoa.co.in/,"https://www.google.com/maps/place/RK+Enterprises%7CInterior+Designer+%26+Decorator/@15.4125733,73.7801872,11z/data=!4m10!1m2!2m1!1sSoftware+Companies+in+ponda+goa!3m6!1s0x3bbfb1fdf7658e45:0xeb5371970793579a!8m2!3d15.3171078!4d73.9426234!15sCh9Tb2Z0d2FyZSBDb21wYW5pZXMgaW4gcG9uZGEgZ29hWiEiH3NvZnR3YXJlIGNvbXBhbmllcyBpbiBwb25kYSBnb2GSARFpbnRlcmlvcl9kZXNpZ25lcuABAA!16s%2Fg%2F11xt305mdj?entry=ttu&g_ep=EgoyMDI2MDEyMC4wIKXMDSoASAFQAw%3D%3D",,,,,,,
DMA LEGACY | Digital Marketing & Web Development Agency in Goa,https://dmalegacy.com/digital-marketing-services-in-goa,"https://www.google.com/maps/place/DMA+LEGACY+%7C+Digital+Marketing+%26+Web+Development+Agency+in+Goa/@15.4125733,73.7801872,11z/data=!4m10!1m2!2m1!1sSoftware+Companies+in+ponda+goa!3m6!1s0x3bbfbfd50310c135:0x954e619bae0b844a!8m2!3d15.4953051!4d73.9359588!15sCh9Tb2Z0d2FyZSBDb21wYW5pZXMgaW4gcG9uZGEgZ29hWiEiH3NvZnR3YXJlIGNvbXBhbmllcyBpbiBwb25kYSBnb2GSARBtYXJrZXRpbmdfYWdlbmN54AEA!16s%2Fg%2F11k9vp__6l?entry=ttu&g_ep=EgoyMDI2MDEyMC4wIKXMDSoASAFQAw%3D%3D",,,,,,,
PREM MOBILE TELECOM,,"https://www.google.com/maps/place/PREM+MOBILE+TELECOM/@15.4125733,73.7801872,11z/data=!4m10!1m2!2m1!1sSoftware+Companies+in+ponda+goa!3m6!1s0x3bbfa529cac8c839:0xe97a846d345efccf!8m2!3d15.4190051!4d74.0813383!15sCh9Tb2Z0d2FyZSBDb21wYW5pZXMgaW4gcG9uZGEgZ29hWiEiH3NvZnR3YXJlIGNvbXBhbmllcyBpbiBwb25kYSBnb2GSARpjZWxsX3Bob25lX2FjY2Vzc29yeV9zdG9yZeABAA!16s%2Fg%2F11vjpcdwq6?entry=ttu&g_ep=EgoyMDI2MDEyMC4wIKXMDSoASAFQAw%3D%3D",,,,,,,
Parshva Web Solutions,https://www.parshvaweb.com/,"https://www.google.com/maps/place/Parshva+Web+Solutions/@15.4125733,73.7801872,11z/data=!4m10!1m2!2m1!1sSoftware+Companies+in+ponda+goa!3m6!1s0x3bbfba9ed513656d:0x54b4d5115bb1b3b0!8m2!3d15.2743442!4d73.9636694!15sCh9Tb2Z0d2FyZSBDb21wYW5pZXMgaW4gcG9uZGEgZ29hWiEiH3NvZnR3YXJlIGNvbXBhbmllcyBpbiBwb25kYSBnb2GSARB3ZWJzaXRlX2Rlc2lnbmVymgEjQ2haRFNVaE5NRzluUzBWSlEwRm5TVVJsYVdWcFMxaDNFQUXgAQD6AQUIjgEQJA!16s%2Fg%2F1vkxkqbj?entry=ttu&g_ep=EgoyMDI2MDEyMC4wIKXMDSoASAFQAw%3D%3D","pratik@parshvaweb.com, prashant@parshvaweb.com, support@parshvaweb.com",Web Designing In Goa | SEO Services - Parshva Web Solutions,"Parshva Web Solutions is an Goa Based IT solutions and consulting firm that focuses on timely delivered, high qualitative and cost-effective IT and web development services.",,,,
Sobit Guest Management,,"https://www.google.com/maps/place/Sobit+Guest+Management/@15.4125733,73.7801872,11z/data=!4m10!1m2!2m1!1sSoftware+Companies+in+ponda+goa!3m6!1s0x3bbfb18f633045a1:0x2217576b90dd6b4b!8m2!3d15.291153!4d73.9865938!15sCh9Tb2Z0d2FyZSBDb21wYW5pZXMgaW4gcG9uZGEgZ29hkgEQc29mdHdhcmVfY29tcGFueeABAA!16s%2Fg%2F11xzmnfxx_?entry=ttu&g_ep=EgoyMDI2MDEyMC4wIKXMDSoASAFQAw%3D%3D",,,,,,,
Ruber Techlynx,,"https://www.google.com/maps/place/Ruber+Techlynx/@21.0680074,82.4476588,11z/data=!4m10!1m2!2m1!1sSoftware+Companies+in+ponda+goa!3m6!1s0x3bbfbdeff304b7a5:0x627dd27bb2c6808a!8m2!3d21.0680074!4d82.7525294!15sCh9Tb2Z0d2FyZSBDb21wYW5pZXMgaW4gcG9uZGEgZ29hkgEaaW50ZXJuZXRfbWFya2V0aW5nX3NlcnZpY2XgAQA!16s%2Fg%2F11f6zx94ct?entry=ttu&g_ep=EgoyMDI2MDEyMC4wIKXMDSoASAFQAw%3D%3D",,,,,,,
Digicom Training Academy,https://digicomtrainingacademy.com/,"https://www.google.com/maps/place/Digicom+Training+Academy/@15.2717813,73.6521578,11z/data=!3m1!5s0x3bbfb3c193ce4691:0xc7aeda348eed58ef!4m10!1m2!2m1!1sSoftware+Companies+in+ponda+goa!3m6!1s0x3bbfb3e9a6d91807:0x7d5ab9a8c42c874a!8m2!3d15.2717813!4d73.9570284!15sCh9Tb2Z0d2FyZSBDb21wYW5pZXMgaW4gcG9uZGEgZ29hWiEiH3NvZnR3YXJlIGNvbXBhbmllcyBpbiBwb25kYSBnb2GSAQ90cmFpbmluZ19jZW50ZXLgAQA!16s%2Fg%2F1q5bvzbdk?entry=ttu&g_ep=EgoyMDI2MDEyMC4wIKXMDSoASAFQAw%3D%3D","bootstrap@5.1.3, digicomtrainingacademy@gmail.com, info@digicomtrainingacademy.com",Digicom Training Academy Homepage - Digicom Training Academy,,,https://www.facebook.com/digicomtrainingacademy.goa,,https://www.instagram.com/digicomtrainingacademy_goa
Sansrujan Information Technology,https://sansrujan.in/,"https://www.google.com/maps/place/Sansrujan+Information+Technology/@15.2717813,73.6521578,11z/data=!4m10!1m2!2m1!1sSoftware+Companies+in+ponda+goa!3m6!1s0x3bbfbb1a1916079b:0x762d923b1725e7a5!8m2!3d15.5251961!4d73.962355!15sCh9Tb2Z0d2FyZSBDb21wYW5pZXMgaW4gcG9uZGEgZ29hWiEiH3NvZnR3YXJlIGNvbXBhbmllcyBpbiBwb25kYSBnb2GSARBzb2Z0d2FyZV9jb21wYW554AEA!16s%2Fg%2F11fq881cx5?entry=ttu&g_ep=EgoyMDI2MDEyMC4wIKXMDSoASAFQAw%3D%3D","alpinejs@3.x.x, contact@sansrujan.in, aos@2.3.1",Sansrujan,"Empower your business with cutting-edge solutions in web development, Android apps, IT support, and consultancy. From robotics to LinkedIn marketing and brand building, our comprehensive services are designed to elevate your brand, streamline operations, and drive growth. Partner with us to transform your vision into reality.",https://in.linkedin.com/company/sansrujan,,,https://www.instagram.com/sansrujan/?hl=en
Software for Co-operative credit Society Easy Banking,http://easybankingsite.wordpress.com/,"https://www.google.com/maps/place/Software+for+Co-operative+credit+Society+Easy+Banking/@18.4643549,76.4649668,11z/data=!4m10!1m2!2m1!1sSoftware+Companies+in+ponda+goa!3m6!1s0x3bbfbab82fa03723:0xebd5f4b7b32844a!8m2!3d18.4643549!4d76.7698374!15sCh9Tb2Z0d2FyZSBDb21wYW5pZXMgaW4gcG9uZGEgZ29hkgEQc29mdHdhcmVfY29tcGFueeABAA!16s%2Fg%2F11cjq3vvj4?entry=ttu&g_ep=EgoyMDI2MDEyMC4wIKXMDSoASAFQAw%3D%3D",,Checking your browser...,,,,,
Entropy,https://entropy.co/,"https://www.google.com/maps/place/Entropy/@15.292855,73.6501316,11z/data=!4m10!1m2!2m1!1sSoftware+Companies+in+ponda+goa!3m6!1s0x3bbfb1cef0f76aa7:0x35485675aaa594f1!8m2!3d15.292855!4d73.9550022!15sCh9Tb2Z0d2FyZSBDb21wYW5pZXMgaW4gcG9uZGEgZ29hkgEQc29mdHdhcmVfY29tcGFueeABAA!16s%2Fg%2F11t_sf9bwp?entry=ttu&g_ep=EgoyMDI2MDEyMC4wIKXMDSoASAFQAw%3D%3D",,Entropy – Discover Emerging Tech,Entropy,https://www.linkedin.com/company/entropy-digital/,https://www.facebook.com/get.Entropy,https://twitter.com/entropy_co,
ckuxdesign,http://www.ckuxdesign.com/,"https://www.google.com/maps/place/ckuxdesign/@21.0680074,74.1216339,11z/data=!4m10!1m2!2m1!1sSoftware+Companies+in+ponda+goa!3m6!1s0x4ab5875a334e42e7:0xbc3888f908dbb29d!8m2!3d21.0680074!4d74.4265045!15sCh9Tb2Z0d2FyZSBDb21wYW5pZXMgaW4gcG9uZGEgZ29hWiEiH3NvZnR3YXJlIGNvbXBhbmllcyBpbiBwb25kYSBnb2GSARB3ZWJzaXRlX2Rlc2lnbmVy4AEA!16s%2Fg%2F11t_zbmx94?entry=ttu&g_ep=EgoyMDI2MDEyMC4wIKXMDSoASAFQAw%3D%3D",info@www.ckuxdesign.com,Parked Domain name on Hostinger DNS system,,,,,
Naik Solution,https://www.naiksolution.in/,"https://www.google.com/maps/place/Naik+Solution/@15.2988813,73.6578558,11z/data=!4m10!1m2!2m1!1sSoftware+Companies+in+ponda+goa!3m6!1s0x3bbfb1945726bfa9:0xa80bb7b1e474952c!8m2!3d15.2988813!4d73.9627264!15sCh9Tb2Z0d2FyZSBDb21wYW5pZXMgaW4gcG9uZGEgZ29hkgEQd2Vic2l0ZV9kZXNpZ25lcuABAA!16s%2Fg%2F11thhjgjr5?entry=ttu&g_ep=EgoyMDI2MDEyMC4wIKXMDSoASAFQAw%3D%3D",shailen@naiksolution.in,Naik solutioN,web development,,,,
Carvalho Business Solution,http://www.carvalho.in/,"https://www.google.com/maps/place/Carvalho+Business+Solution/@15.2988813,73.6578558,11z/data=!4m10!1m2!2m1!1sSoftware+Companies+in+ponda+goa!3m6!1s0x3bbfb3deb26b0efb:0x9382f7a21598ee82!8m2!3d15.2826744!4d73.9648285!15sCh9Tb2Z0d2FyZSBDb21wYW5pZXMgaW4gcG9uZGEgZ29hWiEiH3NvZnR3YXJlIGNvbXBhbmllcyBpbiBwb25kYSBnb2GSARpjb21wdXRlcl9uZXR3b3JraW5nX2NlbnRlcpoBJENoZERTVWhOTUc5blMwVkpRMEZuU1VSMU5tWXphMmgzUlJBQuABAPoBBAgAEDc!16s%2Fg%2F119vn11l0?entry=ttu&g_ep=EgoyMDI2MDEyMC4wIKXMDSoASAFQAw%3D%3D",info@carvalho.in,Carvalho Business Solutions,,,,,
RUBIXCODE,,"https://www.google.com/maps/place/RUBIXCODE/@21.0680074,82.4476588,11z/data=!4m10!1m2!2m1!1sSoftware+Companies+in+ponda+goa!3m6!1s0x3bbfb8157a163b63:0xee7e11bafc104f13!8m2!3d21.0680074!4d82.7525294!15sCh9Tb2Z0d2FyZSBDb21wYW5pZXMgaW4gcG9uZGEgZ29hkgEQc29mdHdhcmVfY29tcGFueeABAA!16s%2Fg%2F11f5hlkxkj?entry=ttu&g_ep=EgoyMDI2MDEyMC4wIKXMDSoASAFQAw%3D%3D",,,,,,,
BESTBUYGOA,,"https://www.google.com/maps/place/BESTBUYGOA/@15.5536773,74.2683308,11z/data=!4m10!1m2!2m1!1sSoftware+Companies+in+ponda+goa!3m6!1s0x3bbfc181d275cdc9:0xd7e8ede72eeae726!8m2!3d15.5536773!4d74.5732014!15sCh9Tb2Z0d2FyZSBDb21wYW5pZXMgaW4gcG9uZGEgZ29hkgEaY29tcHV0ZXJfYWNjZXNzb3JpZXNfc3RvcmXgAQA!16s%2Fg%2F11gn258yn9?entry=ttu&g_ep=EgoyMDI2MDEyMC4wIKXMDSoASAFQAw%3D%3D",,,,,,,
"Thryv Techlabs - Digital Marketing Agency in Margao, Goa",https://thryvtechlabs.com/,"https://www.google.com/maps/place/Thryv+Techlabs+-+Digital+Marketing+Agency+in+Margao,+Goa/@15.5536773,74.2683308,11z/data=!4m10!1m2!2m1!1sSoftware+Companies+in+ponda+goa!3m6!1s0x3bbfb352461880c3:0x9113580a31b5b85f!8m2!3d15.2831737!4d73.9571798!15sCh9Tb2Z0d2FyZSBDb21wYW5pZXMgaW4gcG9uZGEgZ29hWiEiH3NvZnR3YXJlIGNvbXBhbmllcyBpbiBwb25kYSBnb2GSARBtYXJrZXRpbmdfYWdlbmN54AEA!16s%2Fg%2F11ww7vwz0f?entry=ttu&g_ep=EgoyMDI2MDEyMC4wIKXMDSoASAFQAw%3D%3D",,ThryvTechlabs,,,,,
Konkoders,https://konkoders.web.com/,"https://www.google.com/maps/place/Konkoders/@21.0680074,82.4476588,11z/data=!4m10!1m2!2m1!1sSoftware+Companies+in+ponda+goa!3m6!1s0x3bbfbb79cd050a99:0xeb0a74778608238!8m2!3d21.0680074!4d82.7525294!15sCh9Tb2Z0d2FyZSBDb21wYW5pZXMgaW4gcG9uZGEgZ29hkgEQc29mdHdhcmVfY29tcGFueeABAA!16s%2Fg%2F11gmv16kb6?entry=ttu&g_ep=EgoyMDI2MDEyMC4wIKXMDSoASAFQAw%3D%3D",,,,,,,
MarkitUp,http://markitup.in/,"https://www.google.com/maps/place/MarkitUp/@40.266869,-179.6927291,11z/data=!4m10!1m2!2m1!1sSoftware+Companies+in+ponda+goa!3m6!1s0x3bbfb82400000001:0xbf61290336780b8f!8m2!3d40.266869!4d-179.3878585!15sCh9Tb2Z0d2FyZSBDb21wYW5pZXMgaW4gcG9uZGEgZ29hWiEiH3NvZnR3YXJlIGNvbXBhbmllcyBpbiBwb25kYSBnb2GSARBzb2Z0d2FyZV9jb21wYW55mgEkQ2hkRFNVaE5NRzluUzBWSlEwRm5UVU5SYmxwcE9YcDNSUkFC4AEA-gEECAAQFA!16s%2Fg%2F11r4lz3z97?entry=ttu&g_ep=EgoyMDI2MDEyMC4wIKXMDSoASAFQAw%3D%3D","ishan@markitup.in, saransh@markitup.in",MarkitUp - Content Marketing at its best,,https://www.linkedin.com/company/markitupin,,https://twitter.com/markitup_in,https://instagram.com/markitup_in
Parallel Process LLP,https://parallelprocess.in/,"https://www.google.com/maps/place/Parallel+Process+LLP/@15.4949838,73.5286821,11z/data=!4m10!1m2!2m1!1sSoftware+Companies+in+ponda+goa!3m6!1s0x3bbfeba877930ad7:0xd706ea57f63a1829!8m2!3d15.4949838!4d73.8335527!15sCh9Tb2Z0d2FyZSBDb21wYW5pZXMgaW4gcG9uZGEgZ29hkgEQc29mdHdhcmVfY29tcGFueeABAA!16s%2Fg%2F11qg5s9scn?entry=ttu&g_ep=EgoyMDI2MDEyMC4wIKXMDSoASAFQAw%3D%3D","info@parallelprocess.in, bootstrap-icons@1.9.1, bootstrap@5.2.0",Parallel Process,,https://www.linkedin.com/company/parallel-process-llp,https://www.facebook.com/Parallel-Process-109299368543238,,
Fusionic Web Solutions - Digital Marketing Agency,https://fusionicwebsolutions.com/,"https://www.google.com/maps/place/Fusionic+Web+Solutions+-+Digital+Marketing+Agency/@15.4949838,73.5286821,11z/data=!4m10!1m2!2m1!1sSoftware+Companies+in+ponda+goa!3m6!1s0x3bbfb1dd3ff2ee33:0x776603deab68bbd4!8m2!3d15.33074!4d73.9545937!15sCh9Tb2Z0d2FyZSBDb21wYW5pZXMgaW4gcG9uZGEgZ29hWiEiH3NvZnR3YXJlIGNvbXBhbmllcyBpbiBwb25kYSBnb2GSARBtYXJrZXRpbmdfYWdlbmN54AEA!16s%2Fg%2F11j91ykpsh?entry=ttu&g_ep=EgoyMDI2MDEyMC4wIKXMDSoASAFQAw%3D%3D",,,,,,,
Niloday Software Consultancy Services,,"https://www.google.com/maps/place/Niloday+Software+Consultancy+Services/@15.4949838,73.5286821,11z/data=!4m10!1m2!2m1!1sSoftware+Companies+in+ponda+goa!3m6!1s0x3bbfa3d4c8dfc1c5:0x255d3b8de925d91e!8m2!3d15.5491617!4d74.0445496!15sCh9Tb2Z0d2FyZSBDb21wYW5pZXMgaW4gcG9uZGEgZ29hkgEQc29mdHdhcmVfY29tcGFueeABAA!16s%2Fg%2F11ykgtvk47?entry=ttu&g_ep=EgoyMDI2MDEyMC4wIKXMDSoASAFQAw%3D%3D",,,,,,,
Goa Web Creation,https://goawebcreation.in/,"https://www.google.com/maps/place/Goa+Web+Creation/@15.4949838,73.5286821,11z/data=!4m10!1m2!2m1!1sSoftware+Companies+in+ponda+goa!3m6!1s0x654bb445ff8bcc5f:0xfea7519ea8a15c32!8m2!3d15.2591844!4d73.9678798!15sCh9Tb2Z0d2FyZSBDb21wYW5pZXMgaW4gcG9uZGEgZ29hWiEiH3NvZnR3YXJlIGNvbXBhbmllcyBpbiBwb25kYSBnb2GSARB3ZWJzaXRlX2Rlc2lnbmVy4AEA!16s%2Fg%2F11xl6xxw0l?entry=ttu&g_ep=EgoyMDI2MDEyMC4wIKXMDSoASAFQAw%3D%3D","example@domain.com, goawebcreation@gmail.com","Best Freelance Web Designer in Goa India Starting ₹7,999","Looking for the best freelance web designer in Goa, India? Get a fast, low-cost website for your shop, office, or business starting at ₹7,999. Serving all of South & North Goa. Call 8698802161 today",https://www.linkedin.com/in/ram-niwas-59523417b/,https://www.facebook.com/yug56,https://twitter.com/,https://www.instagram.com/smiling_hero_ram/
9 Digits Media - Digital Marketing Agency in Goa,https://9digitsmedia.com/,"https://www.google.com/maps/place/9+Digits+Media+-+Digital+Marketing+Agency+in+Goa/@15.4949838,73.5286821,11z/data=!3m1!5s0x3bbfb15f41686d9b:0x4cb69650031badf1!4m10!1m2!2m1!1sSoftware+Companies+in+ponda+goa!3m6!1s0x3bbfc140fec3f163:0xa4c2be8bb4abce50!8m2!3d15.2899748!4d73.9552218!15sCh9Tb2Z0d2FyZSBDb21wYW5pZXMgaW4gcG9uZGEgZ29hWiEiH3NvZnR3YXJlIGNvbXBhbmllcyBpbiBwb25kYSBnb2GSARBtYXJrZXRpbmdfYWdlbmN54AEA!16s%2Fg%2F11h89r_2mf?entry=ttu&g_ep=EgoyMDI2MDEyMC4wIKXMDSoASAFQAw%3D%3D",connect@arconsulting.co.in,Best Digital Marketing Agency in Goa | 9 Digits Media,"Grow online with 9 Digits Media, the Best Digital Marketing Agency in Goa. Expert SEO, social media, PPC & more to boost traffic, leads and online success.",https://www.linkedin.com/company/9digitsgoa,https://www.facebook.com/9digitsgoa/,,https://www.instagram.com/9digitsmedia?igsh=MWt3bG9scGN2bnBrcg%3D%3D
Lydia Recruiters,https://www.lydiarecruiters.com/,"https://www.google.com/maps/place/Lydia+Recruiters/@17.085073,73.2508542,11z/data=!4m10!1m2!2m1!1sSoftware+Companies+in+ponda+goa!3m6!1s0x3bbfb3d3cd685319:0x42cbd072edea4ca!8m2!3d17.085073!4d73.5557248!15sCh9Tb2Z0d2FyZSBDb21wYW5pZXMgaW4gcG9uZGEgZ29hWiEiH3NvZnR3YXJlIGNvbXBhbmllcyBpbiBwb25kYSBnb2GSARpodW1hbl9yZXNzb3VyY2VfY29uc3VsdGluZ5oBI0NoWkRTVWhOTUc5blMwVkpRMEZuU1VSMU1sOUhSbU4zRUFF4AEA-gEECCUQQQ!16s%2Fg%2F11nfvc2z69?entry=ttu&g_ep=EgoyMDI2MDEyMC4wIKXMDSoASAFQAw%3D%3D",,:: Lydia Recruiters ::,,,,,
Excelory Solutions,http://www.excelory.com/,"https://www.google.com/maps/place/Excelory+Solutions/@15.2892339,73.6781064,11z/data=!4m10!1m2!2m1!1sSoftware+Companies+in+ponda+goa!3m6!1s0x3bbfb17fff9cf847:0xceeef8c7177805b0!8m2!3d15.2892339!4d73.982977!15sCh9Tb2Z0d2FyZSBDb21wYW5pZXMgaW4gcG9uZGEgZ29hkgEQd2Vic2l0ZV9kZXNpZ25lcuABAA!16s%2Fg%2F1ptz9qt17?entry=ttu&g_ep=EgoyMDI2MDEyMC4wIKXMDSoASAFQAw%3D%3D","support@excelory.com, sales@excelory.com","Website Designers in Goa, India - Excelory","Web Designers in Goa, India: Domain Name Registration, Website Design, Web Development, Web Hosting, E-mail Solutions, SEO, Online Marketing, & more...",https://www.linkedin.com/company/excelory-solutions,https://www.facebook.com/Excelory,https://twitter.com/Excelory,
Creative HR Solutions,,"https://www.google.com/maps/place/Creative+HR+Solutions/@15.2892339,73.6781064,11z/data=!4m10!1m2!2m1!1sSoftware+Companies+in+ponda+goa!3m6!1s0x3bbfbe9155555555:0xeaf16d6c2e5bff01!8m2!3d15.4944561!4d73.9183493!15sCh9Tb2Z0d2FyZSBDb21wYW5pZXMgaW4gcG9uZGEgZ29hWiEiH3NvZnR3YXJlIGNvbXBhbmllcyBpbiBwb25kYSBnb2GSARpodW1hbl9yZXNzb3VyY2VfY29uc3VsdGluZ5oBI0NoWkRTVWhOTUc5blMwVkpRMEZuU1VSUGVqWnRPVkJCRUFF4AEA-gEECEAQJg!16s%2Fg%2F11jlvytp5w?entry=ttu&g_ep=EgoyMDI2MDEyMC4wIKXMDSoASAFQAw%3D%3D",,,,,,,
Technowings Computer Training Institute in Goa,https://technowings.co.in/,"https://www.google.com/maps/place/Technowings+Computer+Training+Institute+in+Goa/@15.2892339,73.6781064,11z/data=!3m1!5s0x3bbfc084bc5992a3:0x963f262d1d767fbe!4m10!1m2!2m1!1sSoftware+Companies+in+ponda+goa!3m6!1s0x3bbfc08e4210747f:0x5f62755ede240845!8m2!3d15.4933851!4d73.8363375!15sCh9Tb2Z0d2FyZSBDb21wYW5pZXMgaW4gcG9uZGEgZ29hWiEiH3NvZnR3YXJlIGNvbXBhbmllcyBpbiBwb25kYSBnb2GSARdlZHVjYXRpb25hbF9pbnN0aXR1dGlvbuABAA!16s%2Fg%2F11bxc55zwq?entry=ttu&g_ep=EgoyMDI2MDEyMC4wIKXMDSoASAFQAw%3D%3D","technowingsgoa@gmail.com, 20contact@gymnastic.com, 20Technowingsgoa@gmail.com",Computer Training Institute in Goa Focused on Practical Learning - Technowings,Unlock your potential at the Computer Training Institute in Goa. Experience 90% practical learning with expert guidance for your career.,https://www.linkedin.com/in/technowings-computer-training-institute-in-goa-3030a636b/,https://www.facebook.com/technowings.org,,https://www.instagram.com/technowingsgoa/
Buoyancy Consultants & Engineering,http://www.buoyancyconsultants.com/,"https://www.google.com/maps/place/Buoyancy+Consultants+%26+Engineering/@15.2892339,73.6781064,11z/data=!4m10!1m2!2m1!1sSoftware+Companies+in+ponda+goa!3m6!1s0x3bbfc09293a6be59:0x4e858518b5135e0c!8m2!3d15.4922869!4d73.8202981!15sCh9Tb2Z0d2FyZSBDb21wYW5pZXMgaW4gcG9uZGEgZ29hWiEiH3NvZnR3YXJlIGNvbXBhbmllcyBpbiBwb25kYSBnb2GSARZlbmdpbmVlcmluZ19jb25zdWx0YW504AEA!16s%2Fg%2F11g81drf1s?entry=ttu&g_ep=EgoyMDI2MDEyMC4wIKXMDSoASAFQAw%3D%3D","randolf@buoyancyconsultants.com, intl-segmenter@11.7.10, info@buoyancyconsultants.com, lodash@4.17.21, rupan@buoyancyconsultants.com, core-js-bundle@3.2.1, sales@buoyancyconsultants.com, contact@buoyancyconsultants.com, focus-within-polyfill@5.0.9, react@18.3.1, react-dom@18.3.1",Ship Design | Offshore Design | Compliance Engineering | Buoyancy Consultants,"Buoyancy Consultants is an ISO 9001:2015 and ISO 27001:2013 certified fast-growing and most trusted Ship Design company with a Head office in India. Experts  in Design Engineering, Naval Architecture, Ship Design, Detail Design, Offshore Design, Project Management, Laser Scanning, BWTS (Ballast water), EGCS Retrofit, Industrial Design, Production Design",https://www.linkedin.com/company/buoyancy-consultants/,,https://twitter.com/Buoyancytweet,
Amphyze Studios,https://www.amphyze.biz/,"https://www.google.com/maps/place/Amphyze+Studios/@21.0680074,82.4476588,11z/data=!4m10!1m2!2m1!1sSoftware+Companies+in+ponda+goa!3m6!1s0x67a00dce68a7230f:0x17af0562ae9bad3f!8m2!3d21.0680074!4d82.7525294!15sCh9Tb2Z0d2FyZSBDb21wYW5pZXMgaW4gcG9uZGEgZ29hkgEQd2Vic2l0ZV9kZXNpZ25lcuABAA!16s%2Fg%2F11yt371xn3?entry=ttu&g_ep=EgoyMDI2MDEyMC4wIKXMDSoASAFQAw%3D%3D",amphyze@gmail.com,Web Design & Development Agency | SEO & Creative Services – Amphyze St,"Amphyze Studios offers website development, WordPress & eCommerce solutions, SEO optimization, and creative design services to grow your business online.",,,,
Splintzer Technologies,https://splintzer.com/,"https://www.google.com/maps/place/Splintzer+Technologies/@42.246014,-37.1048706,11z/data=!4m10!1m2!2m1!1sSoftware+Companies+in+ponda+goa!3m6!1s0xb99629c8298bcb:0xc708c1c0509633d5!8m2!3d42.246014!4d-36.8!15sCh9Tb2Z0d2FyZSBDb21wYW5pZXMgaW4gcG9uZGEgZ29hkgEQc29mdHdhcmVfY29tcGFueeABAA!16s%2Fg%2F11t_yy4ww8?entry=ttu&g_ep=EgoyMDI2MDEyMC4wIKXMDSoASAFQAw%3D%3D","bootstrap@5.3.3, aos@2.3.1, bootstrap-icons@1.11.3",Splintzer - Software development company in India,Splintzer provides best and affordable software solutions and digital marketing strategies along with highly ranking SEO keywords.,,,,
Ritesh Construction,,"https://www.google.com/maps/place/Ritesh+Construction/@15.4674717,73.7926555,11z/data=!4m10!1m2!2m1!1sSoftware+Companies+in+ponda+goa!3m6!1s0x3bbfa46d820e16a3:0x1bb042e8e26f604d!8m2!3d15.4674717!4d74.0975261!15sCh9Tb2Z0d2FyZSBDb21wYW5pZXMgaW4gcG9uZGEgZ29hkgEUY29uc3RydWN0aW9uX2NvbXBhbnngAQA!16s%2Fg%2F1hm63sqdn?entry=ttu&g_ep=EgoyMDI2MDEyMC4wIKXMDSoASAFQAw%3D%3D",,,,,,,
Unicom Softwares,,"https://www.google.com/maps/place/Unicom+Softwares/@15.4674717,73.7926555,11z/data=!4m10!1m2!2m1!1sSoftware+Companies+in+ponda+goa!3m6!1s0x4b05031d239aaa7b:0x88477cca409c1119!8m2!3d15.3497285!4d74.0064128!15sCh9Tb2Z0d2FyZSBDb21wYW5pZXMgaW4gcG9uZGEgZ29hkgEQc29mdHdhcmVfY29tcGFueeABAA!16s%2Fg%2F11vbdtf61n?entry=ttu&g_ep=EgoyMDI2MDEyMC4wIKXMDSoASAFQAw%3D%3D",,,,,,,
HUGELEAP INNOVATIONS,https://hugeleap.ai/,"https://www.google.com/maps/place/HUGELEAP+INNOVATIONS/@15.4674717,73.7926555,11z/data=!4m10!1m2!2m1!1sSoftware+Companies+in+ponda+goa!3m6!1s0x3bbfa564f3098a77:0x4a89c3fe17f41c2c!8m2!3d15.461569!4d74.0313625!15sCh9Tb2Z0d2FyZSBDb21wYW5pZXMgaW4gcG9uZGEgZ29hkgEQc29mdHdhcmVfY29tcGFueeABAA!16s%2Fg%2F11m5tv_3_0?entry=ttu&g_ep=EgoyMDI2MDEyMC4wIKXMDSoASAFQAw%3D%3D","wght@400..800, viraj@hugeleap.ai",HugeLeap - AI-Powered Recruitment & Applicant Tracking System,"Transform your hiring process with HugeLeap's AI-powered ATS. Streamline recruitment, enhance candidate experience, and make data-driven hiring decisions.",https://www.linkedin.com/company/hugeleap/,,,
Joydays Infosystems,,"https://www.google.com/maps/place/Joydays+Infosystems/@15.4674717,73.7926555,11z/data=!4m10!1m2!2m1!1sSoftware+Companies+in+ponda+goa!3m6!1s0x3bbfb10ba228429f:0x20d583e8c376fa70!8m2!3d15.2912808!4d73.9729374!15sCh9Tb2Z0d2FyZSBDb21wYW5pZXMgaW4gcG9uZGEgZ29hkgEQc29mdHdhcmVfY29tcGFueeABAA!16s%2Fg%2F11hp2g52fz?entry=ttu&g_ep=EgoyMDI2MDEyMC4wIKXMDSoASAFQAw%3D%3D",,,,,,,
kapslock,http://kapslock.in/,"https://www.google.com/maps/place/kapslock/@15.4674717,73.7926555,11z/data=!4m10!1m2!2m1!1sSoftware+Companies+in+ponda+goa!3m6!1s0x3bbfb16400000001:0x8b5105e0d822d8e8!8m2!3d15.2934647!4d73.9653715!15sCh9Tb2Z0d2FyZSBDb21wYW5pZXMgaW4gcG9uZGEgZ29hkgEQc29mdHdhcmVfY29tcGFueeABAA!16s%2Fg%2F11k4xxr57f?entry=ttu&g_ep=EgoyMDI2MDEyMC4wIKXMDSoASAFQAw%3D%3D",info@kapslock.in,Home - kapslock,"kapslock, kapslock.in, coding, coding future, software development, software architecture, software engineering, software, web application development, mobile application development, web scrapping ,data mining, digital marketing, SEO, sem, php, nodejs, python, angular, goa, india, top tech company goa, top tech company india, ankur kankonkar, information technology, it, tech, technology, website development, custom software, outsourcing, software outsourcing, web design, web, android, ios",,https://www.facebook.com/kapslock.in/,https://twitter.com/kapslocki,https://www.instagram.com/kapslock.in/
"Fortitech, Private Limited",http://www.fortitech.org/,"https://www.google.com/maps/place/Fortitech,+Private+Limited/@21.0680074,82.4476588,11z/data=!4m10!1m2!2m1!1sSoftware+Companies+in+ponda+goa!3m6!1s0x3bbfabffffffffff:0xe59c5111fc71f3d2!8m2!3d21.0680074!4d82.7525294!15sCh9Tb2Z0d2FyZSBDb21wYW5pZXMgaW4gcG9uZGEgZ29hkgEQc29mdHdhcmVfY29tcGFueeABAA!16s%2Fg%2F11c2y8vwcp?entry=ttu&g_ep=EgoyMDI2MDEyMC4wIKXMDSoASAFQAw%3D%3D",,Fortitech | Fortitech Private Limited | Healthcare IT Company,"Healthcare IT Consultancy, Oracle Consultancy, Oracle Products Implementation, EHR, Healthcare IT Solutions, Healthcare Cloud Solutions, e-Prescripbing, Pathology, SNOMED-CT, Loinc, Healthcare Standards, Fortitech, Fortitech India, Fortitech Goa, Fortitech International, Oracle Solutions, IT Solutions, Oracle Applications, Oracle Upgrades & Migration, Healthcare Solutions, Healthcare Applications, Software Development, Oracle Goa Partner, Hospital Software, Application Development, Oracle Applications, Fortitech Private Limited, fortitech, Fortitech is Healthcare solutions company, Software Development Company, Health Software System, Our Applications, Solutions specializes in delivering enterprise class value based care with excellence and calibre, helps businesses innovate, adapt and compete in a constantly changing technology challenges. Strongest Technology Leader working towards excellence in the strategic consulting, software development and application services. fortitech, Healthcare, forti tech, goa software for hospital, healthcare solutions company, Oracle Partner, Health Software System, technology, cloud computing, cloud, Oracle cloud, Fortitech cloud, Oracle Goa, Software company, custom development, application development, Oracle applications support, Oracle database support, Healthcare Software Company, Oracle forms, Oracle fusion middleware,Information Technology Software, Applications Development, Solutions & Services Company, Specialized in Healthcare, Strongest Technology Leader working towards Healthcare IT Consultancy, Oracle Consultancy, Oracle Products Implementation, EHR, Healthcare IT Solutions, Healthcare Cloud Solutions, e-Prescripbing, Pathology, SNOMED-CT, Loinc, Healthcare Standards.excellence in the strategic consulting, software development and application services, technology solutions and managed services to clients in all Information Technology areas, goa, india Oracle provider, healthcare Oracle",,,http://www.twitter.com/FortitechSocial,
Atedit - Web Design Company,http://www.atedit.com/,"https://www.google.com/maps/place/Atedit+-+Web+Design+Company/@15.4977947,73.5180503,11z/data=!3m1!5s0x3bbfb946e47abcc1:0x67307be9ae45e9e9!4m10!1m2!2m1!1sSoftware+Companies+in+ponda+goa!3m6!1s0x3bbfc0e9e001120d:0xa0622320737c58c9!8m2!3d15.4977947!4d73.8229209!15sCh9Tb2Z0d2FyZSBDb21wYW5pZXMgaW4gcG9uZGEgZ29hkgEQd2Vic2l0ZV9kZXNpZ25lcuABAA!16s%2Fg%2F11cn0xx7dz?entry=ttu&g_ep=EgoyMDI2MDEyMC4wIKXMDSoASAFQAw%3D%3D",,,,,,,
