title,company,location,link,description
Front end developer | Immediate Joiner | Remote,Sofueled,"Panaji, Goa, India",https://in.linkedin.com/jobs/view/front-end-developer-immediate-joiner-remote-at-sofueled-4346384324,"This is a remote position.

About The Role

We are looking for a high-level Front-End Developer who views web development as an art form. You aren’t just a coder; you are a bridge between sophisticated design and high-performance engineering.

As a member of our team, you will lead the charge in optimizing our React ecosystem, exploring new plugins, and ensuring seamless API integrations.

Key Responsibilities


Design-to-Code Mastery: Expertly translate high-fidelity Figma designs into clean, semantic, and modular code.
Architecture & Scaling: Develop and maintain complex web applications using React.js, focusing on state management and performance optimization.
Cross-Framework Versatility: While React is our core, your ability to navigate or migrate Angular environments is a significant plus.
Full-Stack Integration: Collaborate with backend teams to integrate RESTful/GraphQL APIs and ensure end-to-end data integrity.
Tooling & Extensions: Implement and build custom React plugins/extensions to enhance the development workflow.
Version Control: Manage complex branching, merging, and code reviews via Git.


Our Selection Process

We value your time and aim for a transparent, efficient hiring cycle.


Round 1: Practical Code Assessment : A real-world challenge focusing on Figma translation and React logic.
Round 2: Technical Deep Dive : A conversation with our Engineering Leads covering architecture, performance, and problem-solving.
Round 3: Final HR Interview : Discussion regarding culture fit, expectations, and immediate onboarding.


Requirements

Technical Requirements


Core Tech: 3-4+ years of experience with React.js, TypeScript, and modern CSS frameworks (Tailwind, Styled Components, or SASS).
Design Tools: Mastery of Figma (including Auto Layout, Components, and Prototyping).
State Management: Deep knowledge of Redux, Context API, or Zustand.
The ""Plus"" Factor: Proficiency in other front-end frameworks and a solid understanding of Node.js for backend collaboration.
Modern Workflow: Experience with Webpack/Vite, Unit Testing (Jest/Cypress), and CI/CD pipelines.


Benefits

Why Join Us?


Opportunity to work on cutting-edge products.
Fast-paced, high-growth environment.
Immediate Onboarding: We are looking for someone who can hit the ground running within [2 weeks/immediately]."
Software Engineer,Visteon Corporation,"Marmagao, Goa, India",https://in.linkedin.com/jobs/view/software-engineer-at-visteon-corporation-4334603912,"Visteon is advancing mobility through innovative technology solutions that enable a software-defined future. Our state-of-the-art product portfolio merges digital cockpit innovations, advanced displays, AI-enhanced software solutions, and integrated EV architecture solutions. With expertise spanning passenger vehicles, commercial transportation, and two-wheelers, Visteon partners with global automakers to create safer, cleaner, and more connected journeys. Headquartered in Van Buren Township, Michigan, Visteon operates in 17 countries, employing a global network of innovation centers and manufacturing facilities. In 2024, we recorded annual sales of approximately $3.87 billion and secured $6.1 billion in new business."
SDE-2,Ginesys,"Goa, India",https://in.linkedin.com/jobs/view/sde-2-at-ginesys-4243051306,"SDE - 2

Join us as a Software Development Engineer in our BT Development team at our Goa office to get the opportunity to do the best work of your career and make a profound impact in our journey of enabling retail in India.

What You’ll Achieve

As a Software Developer in our BT Development team in our Goa office, you will be working on (CakePHP/ Laravel, Yii/ Phalcon) and would have an opportunity to work with a leading retail software solutions company.

You Will


Collaborate with the product team to provide technical expertise on requirements.
Contribute significantly to the execution of the product roadmap by designing and implementing scalable backend modules and intuitive frontend components.
Take ownership of small to mid-sized modules and features and drive them from design to delivery.
Write high-performance and maintainable code – we run ~5 million API jobs/day, so performance is the key.
Review code written by peers and provide constructive feedback to ensure high code quality and consistency.
Plan and automate test scenarios in collaboration with the QA team.
Ensure availability, scalability, and performance of modules and services being built.
Participate in capacity planning and system optimization efforts as we scale.
Work in Agile methodologies – daily standups, weekly sprints, and retrospectives will be part of your routine.


Take this next step in your career with a steep learning curve and real ownership from day one.

Every Ginesys team member brings something unique to the table. Here’s what we are looking for with this role:

Essential Requirements


Must have 2–5 years of experience in backend development using any one PHP 5+ framework (CakePHP/ Laravel/ Yii/ Phalcon).
Solid experience with MySQL and good understanding of relational databases.
Hands-on experience with Angular.js or React.js or Vue.js.
Strong knowledge of HTML5 and CSS3 for responsive web development.
Experience in building and consuming RESTful APIs.


Desirable Requirements


Exposure to Git/Jenkins or any other CI/CD tools.
Knowledge of AWS/Azure infrastructure services.
Working knowledge of Redis, Elasticsearch, or NoSQL databases.
Familiarity with secondary programming languages such as Python or Node.js.
Experience with performance profiling and optimization techniques.


Benefits

We like to think that talent grows at Ginesys and stays at Ginesys. To ensure this, we provide our employees with the best working environment, the latest technology and continuous support. We go out of our way to retain the small business feeling with which we started and stimulate innovation and collaboration through teamwork and our non-hierarchical approach. We offer competitive salary, and other fantastic perks and benefits, such as:


Ginesys Academy for holistic training and development
Comprehensive health insurance coverage
Excellent rewards and recognition policy
Transparent compensation policy with no unnecessary deduction in CTC
Annual company off-site and a variety of events, celebrations throughout the year
Travelling opportunities between our offices across the country
Annual Ginesys walkathon & related sporting events
Quarterly Coffee with CEO and more!


Here’s our story; now tell us yours

“Ginesys One” is India’s best omniretail suite backed by Ginesys, the first integrated Retail specific ERP software for online retail, offline retail and distribution. It is the largest Indian company in the retail tech industry catering to both online and offline needs. 1200+ brands including (Manyavar, V-Mart, Skechers) are accelerating their businesses with Ginesys. With a team of 400+ employees, Ginesys One plans to revolutionise retail by being a single-stop cloud-based retail suite.

We have a pan India presence with offices in major cities including Gurgaon, Kolkata, Bangalore, Hyderabad, Mumbai, & Goa and are expanding rapidly. We love the challenges of retail and are busy solving them to create a great retail tech suite.

Ginesys’ core mission is to continue to build world-class internal service capabilities, in a bid to deliver outstanding external service value to customers. We are an ISO-certified and SOC compliant company having won myriad awards for our innovation and support. For further information, please visit our website http://ginesys.in"
*****.**,***** ***** - ** *** ******* *******,"***, *****",https://in.linkedin.com/jobs/view/react-js-at-wafer-space-an-acl-digital-company-4306118449,"Looking for a React developer who is agile, obsessed with code quality, and has a

knack for building UIs. Moreover, someone who can work independently and takes

ownership of his/her work.

Job Responsibility

Write maintainable and efficient code for mission-critical web applications using React.

Communicate with global clients and analyse feature requirements.

Build applications using optimum frameworks, architectures and tools.

Prerequisites

Proficient working knowledge of Git.

You MUST be proficient in JavaScript. (Typescript would be a plus)

Working experience with React. (Redux would be a plus)

Excellent communication skills.

Before sending across your application MUST share along with it:

Your LinkedIn profile

Your GitHub profile

Links to projects you have built Skills:- Redux/Flux, TypeScript, Bootstrap and HTML/CSS"
******** ******** ********,********** ************,"******, ***, *****",https://in.linkedin.com/jobs/view/embedded-software-engineer-at-enigmasoft-technologies-4304118270,"Position: Embedded Software Engineer

Experience: 3-5 Years

No.of Openings: 1

Job Location: Panjim, Goa

Salary: Best in Industry

Notice Period: Immediate joiners will be preferred

Education: Degree – BE / B.Tech / ME / MTech.

Requirements


Responsibilities and Duties
Design and implement embedded software solutions from requirements gathering through to production and commercial deployment.
Develop, code, test, and debug system-level and application-level embedded software.
Build firmware for power electronics systems in the power generation domain.
Develop and optimize MPPT (Maximum Power Point Tracking) and PWM inverter/optimizer algorithms.
Work with embedded development boards such as ESP32, Arduino, Raspberry Pi, and ARM-based systems.
Perform low-level driver development, including ADC and peripheral integration.
Implement and troubleshoot communication protocols including CAN, SPI, I2C, and UART.
Contribute to AC-DC, DC-DC, and DC-AC circuit design and validation.
Collaborate with internal teams to deliver efficient designs that meet project requirements and timelines.
Develop IoT-related code and integrate API interfaces into embedded platforms.
Prepare prototypes, technical documentation, and reports for project stakeholders.
Skills and Qualifications
Strong experience in embedded system development and full product life cycle involvement.
Proficiency in embedded C, MicroPython, and Python programming languages.
Proficient in analyzing and interpreting technical datasheets for electronic components.
Hands-on expertise in firmware design and development for power electronic devices.
Knowledge of IoT development, API integration, , connection protocols and cloud integration.
In-depth understanding of control systems and algorithm implementation.
Familiarity with microcontrollers such as ARM Cortex, ESP32, and PIC families.
Working knowledge of power electronics circuit design (AC-DC, DC-DC, DC-AC).
Experience with hardware–software integration, debugging, and validation.
Designed and deployed backend services to collect and aggregate high-volume data streams from diverse sources
Ability to identify creative design solutions and present them effectively to team members and project managers.
Ability to learn and implement new technologies as per business needs.
Strong problem-solving skills, adaptability, and collaborative approach.
Excellent communication skills for cross-functional teamwork and documentation.
Preferred Qualifications
Bachelors or Masters in Electronics and Electrical.


About Us

Enigmasoft Technologies is a forward-thinking IT and engineering solutions provider. Specializing in innovative, sustainable tech, the company helps businesses optimize operations and improve efficiency through tailored solutions. With a focus on both software and hardware engineering, Enigmasoft delivers high-quality, cutting-edge products across various industries, ensuring clients achieve their goals with advanced technology. The company's commitment to R&D ensures they stay at the forefront of technological advancements, driving progress and delivering excellence globally.

Our Culture

We Are Committed to a Professional and Supportive Environment with a Strong Focus on Work-Life Balance. Our Diverse Workplace Fosters Creativity and Innovation While Promoting a Healthy Gender Balance.

Why You Should Join Us

Working At Enigmasoft Technologies Is Rewarding! Join Us to Grow, Develop, And Be Part of an Incredible Journey Where You Can Take on Roles Beyond a Job Description.

Employee Benefits


Insurance Benefits: Medical (Self, Spouse, And Children), Accidental Insurance
Leave Benefits: Maternity, Paternity, Bereavement, Marriage, Sick, Casual, Floater and Privilege Leaves
Retirement Benefits: PF Contribution, Leave Encashment


How To Apply

Interested Candidates Can Apply Online At https://enigma.keka.com/careers Or Share Their Profile At hr@enigma-tech.io.

Website: www.enigma-tech.io

Job Types: Full-time, Permanent

Work Location: Panjim - Goa."
**/** *********,********,"******, ***, *****",https://in.linkedin.com/jobs/view/ui-ux-developer-at-kodework-4162691761,"We are currently looking out for a full-time, on-site UI/UX web developer to join our international team of friendly nerds. You should be energetic, wildly talented, an upbeat individual with outstanding organisational skills and a strong desire to maintain our high standards of customer service.

Are you a PIXEL JEDI and CODER AT HEART?

You Should Have


Current knowledge of user experience principles, graphic design standards, design trends, and techniques for web and mobile software products.
The ability to translate verbal ideas and text requirements into concepts and designs that demonstrate the user experience.
A very good understanding of data visualization and data representation.
Expertise in HTML 4/5 and CSS 2/3 as it applies across different browsers and screen resolutions.
Expertise in working with Adobe Creative Suite or similar package.
Excellent attention to detail, a keen eye for clean UI implementation and knowledge of design best practices.


You Have Worked With


User Interface Design
Visual Design
Screen Design
Workflow Design
Interaction Design
User Experience Design
Usage of multiple Usability Methods
Development and production of drafts, mockups, pixel perfect screen designs, ClickDummys and prototypes
Product Discovery
User-testing
Project management and project consulting based on usability UX aspects
Mobile App Design


Your Stack Includes


HTML5
CSS3
LESS
SASS
AngularJS
Node.js (beginner)
Coffee Script
jQuery
JavaScript
PHP
MySQL
SQLite


You will be working in a fast paced environment with European clients. You should speak English fluently and have good communication skills. You should work well alone as well as in a team. You should have the humility to take orders and the authority to give orders and, most of all, the patience and ability to learn from your mistakes.

If you are half of what we want or are sure you can get there in record time, we are very interested in you!

We Offer


Competitive salary
Paid national holidays and vacation
Weekly paid team lunches, and invitations to exclusive educational and networking events
An excellent training program
Fast-paced working environment
Experience working with the latest technologies from leading industry experts"
